>gb:MG662677|Organism:Influenza A virus (A/swine/Arkansas/A02218161/2017(H1N1))|Strain Name:A/swine/Arkansas/A02218161/2017|Segment:1|Subtype:H1N1|Host:Swine
>gb:MG662678|Organism:Influenza A virus (A/swine/Arkansas/A02218161/2017(H1N1))|Strain Name:A/swine/Arkansas/A02218161/2017|Segment:2|Subtype:H1N1|Host:Swine
>gb:MG662679|Organism:Influenza A virus (A/swine/Arkansas/A02218161/2017(H1N1))|Strain Name:A/swine/Arkansas/A02218161/2017|Segment:3|Subtype:H1N1|Host:Swine
>gb:MG662682|Organism:Influenza A virus (A/swine/Arkansas/A02218161/2017(H1N1))|Strain Name:A/swine/Arkansas/A02218161/2017|Segment:8|Subtype:H1N1|Host:Swine
>gb:MG662680|Organism:Influenza A virus (A/swine/Arkansas/A02218161/2017(H1N1))|Strain Name:A/swine/Arkansas/A02218161/2017|Segment:5|Subtype:H1N1|Host:Swine
>gb:MF582537|Organism:Influenza A virus (A/swine/Arkansas/A02218161/2017(H1N1))|Strain Name:A/swine/Arkansas/A02218161/2017|Segment:6|Subtype:H1N1|Host:Swine
>gb:MG662681|Organism:Influenza A virus (A/swine/Arkansas/A02218161/2017(H1N1))|Strain Name:A/swine/Arkansas/A02218161/2017|Segment:7|Subtype:H1N1|Host:Swine
>gb:MF582536|Organism:Influenza A virus (A/swine/Arkansas/A02218161/2017(H1N1))|Strain Name:A/swine/Arkansas/A02218161/2017|Segment:4|Subtype:H1N1|Host:Swine
>gb:MF373304|Organism:Influenza A virus (A/swine/Illinois/A01672343/2017(H1N1))|Strain Name:A/swine/Illinois/A01672343/2017|Segment:1|Subtype:H1N1|Host:Swine
>gb:MF373307|Organism:Influenza A virus (A/swine/Illinois/A01672343/2017(H1N1))|Strain Name:A/swine/Illinois/A01672343/2017|Segment:5|Subtype:H1N1|Host:Swine
>gb:MF373309|Organism:Influenza A virus (A/swine/Illinois/A01672343/2017(H1N1))|Strain Name:A/swine/Illinois/A01672343/2017|Segment:8|Subtype:H1N1|Host:Swine
>gb:MF373306|Organism:Influenza A virus (A/swine/Illinois/A01672343/2017(H1N1))|Strain Name:A/swine/Illinois/A01672343/2017|Segment:3|Subtype:H1N1|Host:Swine
>gb:MF373305|Organism:Influenza A virus (A/swine/Illinois/A01672343/2017(H1N1))|Strain Name:A/swine/Illinois/A01672343/2017|Segment:2|Subtype:H1N1|Host:Swine
>gb:KY593239|Organism:Influenza A virus (A/swine/Illinois/A01672343/2017(H1N1))|Strain Name:A/swine/Illinois/A01672343/2017|Segment:4|Subtype:H1N1|Host:Swine
>gb:MF373308|Organism:Influenza A virus (A/swine/Illinois/A01672343/2017(H1N1))|Strain Name:A/swine/Illinois/A01672343/2017|Segment:7|Subtype:H1N1|Host:Swine
>gb:KY593240|Organism:Influenza A virus (A/swine/Illinois/A01672343/2017(H1N1))|Strain Name:A/swine/Illinois/A01672343/2017|Segment:6|Subtype:H1N1|Host:Swine
>gb:KY766085|Organism:Influenza A virus (A/swine/Illinois/A01932036/2017(H1N1))|Strain Name:A/swine/Illinois/A01932036/2017|Segment:6|Subtype:H1N1|Host:Swine
>gb:MF522010|Organism:Influenza A virus (A/swine/Illinois/A01932036/2017(H1N1))|Strain Name:A/swine/Illinois/A01932036/2017|Segment:3|Subtype:H1N1|Host:Swine
>gb:MF522009|Organism:Influenza A virus (A/swine/Illinois/A01932036/2017(H1N1))|Strain Name:A/swine/Illinois/A01932036/2017|Segment:2|Subtype:H1N1|Host:Swine
>gb:MF522011|Organism:Influenza A virus (A/swine/Illinois/A01932036/2017(H1N1))|Strain Name:A/swine/Illinois/A01932036/2017|Segment:5|Subtype:H1N1|Host:Swine
>gb:KY766084|Organism:Influenza A virus (A/swine/Illinois/A01932036/2017(H1N1))|Strain Name:A/swine/Illinois/A01932036/2017|Segment:4|Subtype:H1N1|Host:Swine
>gb:MF522013|Organism:Influenza A virus (A/swine/Illinois/A01932036/2017(H1N1))|Strain Name:A/swine/Illinois/A01932036/2017|Segment:8|Subtype:H1N1|Host:Swine
>gb:MF522008|Organism:Influenza A virus (A/swine/Illinois/A01932036/2017(H1N1))|Strain Name:A/swine/Illinois/A01932036/2017|Segment:1|Subtype:H1N1|Host:Swine
>gb:MF522012|Organism:Influenza A virus (A/swine/Illinois/A01932036/2017(H1N1))|Strain Name:A/swine/Illinois/A01932036/2017|Segment:7|Subtype:H1N1|Host:Swine
>gb:MF801455|Organism:Influenza A virus (A/swine/Illinois/A02214663/2017(H1N1))|Strain Name:A/swine/Illinois/A02214663/2017|Segment:5|Subtype:H1N1|Host:Swine
>gb:MF092732|Organism:Influenza A virus (A/swine/Illinois/A02214663/2017(H1N1))|Strain Name:A/swine/Illinois/A02214663/2017|Segment:6|Subtype:H1N1|Host:Swine
>gb:MF801452|Organism:Influenza A virus (A/swine/Illinois/A02214663/2017(H1N1))|Strain Name:A/swine/Illinois/A02214663/2017|Segment:1|Subtype:H1N1|Host:Swine
>gb:MF801454|Organism:Influenza A virus (A/swine/Illinois/A02214663/2017(H1N1))|Strain Name:A/swine/Illinois/A02214663/2017|Segment:3|Subtype:H1N1|Host:Swine
>gb:MF801457|Organism:Influenza A virus (A/swine/Illinois/A02214663/2017(H1N1))|Strain Name:A/swine/Illinois/A02214663/2017|Segment:8|Subtype:H1N1|Host:Swine
>gb:MF092731|Organism:Influenza A virus (A/swine/Illinois/A02214663/2017(H1N1))|Strain Name:A/swine/Illinois/A02214663/2017|Segment:4|Subtype:H1N1|Host:Swine
>gb:MF801453|Organism:Influenza A virus (A/swine/Illinois/A02214663/2017(H1N1))|Strain Name:A/swine/Illinois/A02214663/2017|Segment:2|Subtype:H1N1|Host:Swine
>gb:MF801456|Organism:Influenza A virus (A/swine/Illinois/A02214663/2017(H1N1))|Strain Name:A/swine/Illinois/A02214663/2017|Segment:7|Subtype:H1N1|Host:Swine
>gb:MG193796|Organism:Influenza A virus (A/swine/Illinois/A02215204/2017(H1N1))|Strain Name:A/swine/Illinois/A02215204/2017|Segment:5|Subtype:H1N1|Host:Swine
>gb:MF159354|Organism:Influenza A virus (A/swine/Illinois/A02215204/2017(H1N1))|Strain Name:A/swine/Illinois/A02215204/2017|Segment:4|Subtype:H1N1|Host:Swine
>gb:MG193797|Organism:Influenza A virus (A/swine/Illinois/A02215204/2017(H1N1))|Strain Name:A/swine/Illinois/A02215204/2017|Segment:7|Subtype:H1N1|Host:Swine
>gb:MF159355|Organism:Influenza A virus (A/swine/Illinois/A02215204/2017(H1N1))|Strain Name:A/swine/Illinois/A02215204/2017|Segment:6|Subtype:H1N1|Host:Swine
>gb:MG193798|Organism:Influenza A virus (A/swine/Illinois/A02215204/2017(H1N1))|Strain Name:A/swine/Illinois/A02215204/2017|Segment:8|Subtype:H1N1|Host:Swine
>gb:MG193794|Organism:Influenza A virus (A/swine/Illinois/A02215204/2017(H1N1))|Strain Name:A/swine/Illinois/A02215204/2017|Segment:2|Subtype:H1N1|Host:Swine
>gb:MG193793|Organism:Influenza A virus (A/swine/Illinois/A02215204/2017(H1N1))|Strain Name:A/swine/Illinois/A02215204/2017|Segment:1|Subtype:H1N1|Host:Swine
>gb:MG193795|Organism:Influenza A virus (A/swine/Illinois/A02215204/2017(H1N1))|Strain Name:A/swine/Illinois/A02215204/2017|Segment:3|Subtype:H1N1|Host:Swine
>gb:MF582499|Organism:Influenza A virus (A/swine/Illinois/A02218178/2017(H1N1))|Strain Name:A/swine/Illinois/A02218178/2017|Segment:6|Subtype:H1N1|Host:Swine
>gb:MF582498|Organism:Influenza A virus (A/swine/Illinois/A02218178/2017(H1N1))|Strain Name:A/swine/Illinois/A02218178/2017|Segment:4|Subtype:H1N1|Host:Swine
>gb:MG521002|Organism:Influenza A virus (A/swine/Illinois/A02218178/2017(H1N1))|Strain Name:A/swine/Illinois/A02218178/2017|Segment:3|Subtype:H1N1|Host:Swine
>gb:MG521001|Organism:Influenza A virus (A/swine/Illinois/A02218178/2017(H1N1))|Strain Name:A/swine/Illinois/A02218178/2017|Segment:2|Subtype:H1N1|Host:Swine
>gb:MG521005|Organism:Influenza A virus (A/swine/Illinois/A02218178/2017(H1N1))|Strain Name:A/swine/Illinois/A02218178/2017|Segment:8|Subtype:H1N1|Host:Swine
>gb:MG521004|Organism:Influenza A virus (A/swine/Illinois/A02218178/2017(H1N1))|Strain Name:A/swine/Illinois/A02218178/2017|Segment:7|Subtype:H1N1|Host:Swine
>gb:MG521000|Organism:Influenza A virus (A/swine/Illinois/A02218178/2017(H1N1))|Strain Name:A/swine/Illinois/A02218178/2017|Segment:1|Subtype:H1N1|Host:Swine
>gb:MG521003|Organism:Influenza A virus (A/swine/Illinois/A02218178/2017(H1N1))|Strain Name:A/swine/Illinois/A02218178/2017|Segment:5|Subtype:H1N1|Host:Swine
>gb:MG784647|Organism:Influenza A virus (A/swine/Illinois/A02219783/2017(H1N1))|Strain Name:A/swine/Illinois/A02219783/2017|Segment:2|Subtype:H1N1|Host:Swine
>gb:MG784651|Organism:Influenza A virus (A/swine/Illinois/A02219783/2017(H1N1))|Strain Name:A/swine/Illinois/A02219783/2017|Segment:8|Subtype:H1N1|Host:Swine
>gb:MG784646|Organism:Influenza A virus (A/swine/Illinois/A02219783/2017(H1N1))|Strain Name:A/swine/Illinois/A02219783/2017|Segment:1|Subtype:H1N1|Host:Swine
>gb:MG784650|Organism:Influenza A virus (A/swine/Illinois/A02219783/2017(H1N1))|Strain Name:A/swine/Illinois/A02219783/2017|Segment:7|Subtype:H1N1|Host:Swine
>gb:MF962621|Organism:Influenza A virus (A/swine/Illinois/A02219783/2017(H1N1))|Strain Name:A/swine/Illinois/A02219783/2017|Segment:6|Subtype:H1N1|Host:Swine
>gb:MG784649|Organism:Influenza A virus (A/swine/Illinois/A02219783/2017(H1N1))|Strain Name:A/swine/Illinois/A02219783/2017|Segment:5|Subtype:H1N1|Host:Swine
>gb:MF962620|Organism:Influenza A virus (A/swine/Illinois/A02219783/2017(H1N1))|Strain Name:A/swine/Illinois/A02219783/2017|Segment:4|Subtype:H1N1|Host:Swine
>gb:MG784648|Organism:Influenza A virus (A/swine/Illinois/A02219783/2017(H1N1))|Strain Name:A/swine/Illinois/A02219783/2017|Segment:3|Subtype:H1N1|Host:Swine
>gb:MF522055|Organism:Influenza A virus (A/swine/Indiana/A01672825/2017(H1N1))|Strain Name:A/swine/Indiana/A01672825/2017|Segment:8|Subtype:H1N1|Host:Swine
>gb:KY744621|Organism:Influenza A virus (A/swine/Indiana/A01672825/2017(H1N1))|Strain Name:A/swine/Indiana/A01672825/2017|Segment:6|Subtype:H1N1|Host:Swine
>gb:MF522051|Organism:Influenza A virus (A/swine/Indiana/A01672825/2017(H1N1))|Strain Name:A/swine/Indiana/A01672825/2017|Segment:2|Subtype:H1N1|Host:Swine
>gb:MF522050|Organism:Influenza A virus (A/swine/Indiana/A01672825/2017(H1N1))|Strain Name:A/swine/Indiana/A01672825/2017|Segment:1|Subtype:H1N1|Host:Swine
>gb:KY744620|Organism:Influenza A virus (A/swine/Indiana/A01672825/2017(H1N1))|Strain Name:A/swine/Indiana/A01672825/2017|Segment:4|Subtype:H1N1|Host:Swine
>gb:MF522052|Organism:Influenza A virus (A/swine/Indiana/A01672825/2017(H1N1))|Strain Name:A/swine/Indiana/A01672825/2017|Segment:3|Subtype:H1N1|Host:Swine
>gb:MF522053|Organism:Influenza A virus (A/swine/Indiana/A01672825/2017(H1N1))|Strain Name:A/swine/Indiana/A01672825/2017|Segment:5|Subtype:H1N1|Host:Swine
>gb:MF522054|Organism:Influenza A virus (A/swine/Indiana/A01672825/2017(H1N1))|Strain Name:A/swine/Indiana/A01672825/2017|Segment:7|Subtype:H1N1|Host:Swine
>gb:MF973352|Organism:Influenza A virus (A/swine/Indiana/A02214845/2017(H1N1))|Strain Name:A/swine/Indiana/A02214845/2017|Segment:3|Subtype:H1N1|Host:Swine
>gb:MF150353|Organism:Influenza A virus (A/swine/Indiana/A02214845/2017(H1N1))|Strain Name:A/swine/Indiana/A02214845/2017|Segment:6|Subtype:H1N1|Host:Swine
>gb:MF973354|Organism:Influenza A virus (A/swine/Indiana/A02214845/2017(H1N1))|Strain Name:A/swine/Indiana/A02214845/2017|Segment:7|Subtype:H1N1|Host:Swine
>gb:MF150352|Organism:Influenza A virus (A/swine/Indiana/A02214845/2017(H1N1))|Strain Name:A/swine/Indiana/A02214845/2017|Segment:4|Subtype:H1N1|Host:Swine
>gb:MF973355|Organism:Influenza A virus (A/swine/Indiana/A02214845/2017(H1N1))|Strain Name:A/swine/Indiana/A02214845/2017|Segment:8|Subtype:H1N1|Host:Swine
>gb:MF973350|Organism:Influenza A virus (A/swine/Indiana/A02214845/2017(H1N1))|Strain Name:A/swine/Indiana/A02214845/2017|Segment:1|Subtype:H1N1|Host:Swine
>gb:MF973351|Organism:Influenza A virus (A/swine/Indiana/A02214845/2017(H1N1))|Strain Name:A/swine/Indiana/A02214845/2017|Segment:2|Subtype:H1N1|Host:Swine
>gb:MF973353|Organism:Influenza A virus (A/swine/Indiana/A02214845/2017(H1N1))|Strain Name:A/swine/Indiana/A02214845/2017|Segment:5|Subtype:H1N1|Host:Swine
>gb:MG521032|Organism:Influenza A virus (A/swine/Indiana/A02216644/2017(H1N1))|Strain Name:A/swine/Indiana/A02216644/2017|Segment:3|Subtype:H1N1|Host:Swine
>gb:MG521033|Organism:Influenza A virus (A/swine/Indiana/A02216644/2017(H1N1))|Strain Name:A/swine/Indiana/A02216644/2017|Segment:5|Subtype:H1N1|Host:Swine
>gb:MG521031|Organism:Influenza A virus (A/swine/Indiana/A02216644/2017(H1N1))|Strain Name:A/swine/Indiana/A02216644/2017|Segment:2|Subtype:H1N1|Host:Swine
>gb:MF455472|Organism:Influenza A virus (A/swine/Indiana/A02216644/2017(H1N1))|Strain Name:A/swine/Indiana/A02216644/2017|Segment:6|Subtype:H1N1|Host:Swine
>gb:MG521034|Organism:Influenza A virus (A/swine/Indiana/A02216644/2017(H1N1))|Strain Name:A/swine/Indiana/A02216644/2017|Segment:7|Subtype:H1N1|Host:Swine
>gb:MF455471|Organism:Influenza A virus (A/swine/Indiana/A02216644/2017(H1N1))|Strain Name:A/swine/Indiana/A02216644/2017|Segment:4|Subtype:H1N1|Host:Swine
>gb:MG521030|Organism:Influenza A virus (A/swine/Indiana/A02216644/2017(H1N1))|Strain Name:A/swine/Indiana/A02216644/2017|Segment:1|Subtype:H1N1|Host:Swine
>gb:MG521035|Organism:Influenza A virus (A/swine/Indiana/A02216644/2017(H1N1))|Strain Name:A/swine/Indiana/A02216644/2017|Segment:8|Subtype:H1N1|Host:Swine
>gb:MG521108|Organism:Influenza A virus (A/swine/Indiana/A02218180/2017(H1N1))|Strain Name:A/swine/Indiana/A02218180/2017|Segment:1|Subtype:H1N1|Host:Swine
>gb:MG521109|Organism:Influenza A virus (A/swine/Indiana/A02218180/2017(H1N1))|Strain Name:A/swine/Indiana/A02218180/2017|Segment:2|Subtype:H1N1|Host:Swine
>gb:MF582538|Organism:Influenza A virus (A/swine/Indiana/A02218180/2017(H1N1))|Strain Name:A/swine/Indiana/A02218180/2017|Segment:4|Subtype:H1N1|Host:Swine
>gb:MG521111|Organism:Influenza A virus (A/swine/Indiana/A02218180/2017(H1N1))|Strain Name:A/swine/Indiana/A02218180/2017|Segment:5|Subtype:H1N1|Host:Swine
>gb:MF582539|Organism:Influenza A virus (A/swine/Indiana/A02218180/2017(H1N1))|Strain Name:A/swine/Indiana/A02218180/2017|Segment:6|Subtype:H1N1|Host:Swine
>gb:MG521112|Organism:Influenza A virus (A/swine/Indiana/A02218180/2017(H1N1))|Strain Name:A/swine/Indiana/A02218180/2017|Segment:7|Subtype:H1N1|Host:Swine
>gb:MG521113|Organism:Influenza A virus (A/swine/Indiana/A02218180/2017(H1N1))|Strain Name:A/swine/Indiana/A02218180/2017|Segment:8|Subtype:H1N1|Host:Swine
>gb:MG521110|Organism:Influenza A virus (A/swine/Indiana/A02218180/2017(H1N1))|Strain Name:A/swine/Indiana/A02218180/2017|Segment:3|Subtype:H1N1|Host:Swine
>gb:MG662639|Organism:Influenza A virus (A/swine/Iowa/A01104104/2017(H1N1))|Strain Name:A/swine/Iowa/A01104104/2017|Segment:3|Subtype:H1N1|Host:Swine
>gb:MG662642|Organism:Influenza A virus (A/swine/Iowa/A01104104/2017(H1N1))|Strain Name:A/swine/Iowa/A01104104/2017|Segment:6|Subtype:H1N1|Host:Swine
>gb:MG662641|Organism:Influenza A virus (A/swine/Iowa/A01104104/2017(H1N1))|Strain Name:A/swine/Iowa/A01104104/2017|Segment:5|Subtype:H1N1|Host:Swine
>gb:MG662640|Organism:Influenza A virus (A/swine/Iowa/A01104104/2017(H1N1))|Strain Name:A/swine/Iowa/A01104104/2017|Segment:4|Subtype:H1N1|Host:Swine
>gb:MG662644|Organism:Influenza A virus (A/swine/Iowa/A01104104/2017(H1N1))|Strain Name:A/swine/Iowa/A01104104/2017|Segment:8|Subtype:H1N1|Host:Swine
>gb:MG662637|Organism:Influenza A virus (A/swine/Iowa/A01104104/2017(H1N1))|Strain Name:A/swine/Iowa/A01104104/2017|Segment:1|Subtype:H1N1|Host:Swine
>gb:MG662643|Organism:Influenza A virus (A/swine/Iowa/A01104104/2017(H1N1))|Strain Name:A/swine/Iowa/A01104104/2017|Segment:7|Subtype:H1N1|Host:Swine
>gb:MG662638|Organism:Influenza A virus (A/swine/Iowa/A01104104/2017(H1N1))|Strain Name:A/swine/Iowa/A01104104/2017|Segment:2|Subtype:H1N1|Host:Swine
>gb:MF801575|Organism:Influenza A virus (A/swine/Iowa/A01667088/2017(H1N1))|Strain Name:A/swine/Iowa/A01667088/2017|Segment:2|Subtype:H1N1|Host:Swine
>gb:MF801576|Organism:Influenza A virus (A/swine/Iowa/A01667088/2017(H1N1))|Strain Name:A/swine/Iowa/A01667088/2017|Segment:3|Subtype:H1N1|Host:Swine
>gb:KY941174|Organism:Influenza A virus (A/swine/Iowa/A01667088/2017(H1N1))|Strain Name:A/swine/Iowa/A01667088/2017|Segment:4|Subtype:H1N1|Host:Swine
>gb:KY941175|Organism:Influenza A virus (A/swine/Iowa/A01667088/2017(H1N1))|Strain Name:A/swine/Iowa/A01667088/2017|Segment:6|Subtype:H1N1|Host:Swine
>gb:MF801574|Organism:Influenza A virus (A/swine/Iowa/A01667088/2017(H1N1))|Strain Name:A/swine/Iowa/A01667088/2017|Segment:1|Subtype:H1N1|Host:Swine
>gb:MF801578|Organism:Influenza A virus (A/swine/Iowa/A01667088/2017(H1N1))|Strain Name:A/swine/Iowa/A01667088/2017|Segment:7|Subtype:H1N1|Host:Swine
>gb:MF801577|Organism:Influenza A virus (A/swine/Iowa/A01667088/2017(H1N1))|Strain Name:A/swine/Iowa/A01667088/2017|Segment:5|Subtype:H1N1|Host:Swine
>gb:MF801579|Organism:Influenza A virus (A/swine/Iowa/A01667088/2017(H1N1))|Strain Name:A/swine/Iowa/A01667088/2017|Segment:8|Subtype:H1N1|Host:Swine
>gb:MF801499|Organism:Influenza A virus (A/swine/Iowa/A01667089/2017(H1N1))|Strain Name:A/swine/Iowa/A01667089/2017|Segment:5|Subtype:H1N1|Host:Swine
>gb:MF801500|Organism:Influenza A virus (A/swine/Iowa/A01667089/2017(H1N1))|Strain Name:A/swine/Iowa/A01667089/2017|Segment:7|Subtype:H1N1|Host:Swine
>gb:MF000484|Organism:Influenza A virus (A/swine/Iowa/A01667089/2017(H1N1))|Strain Name:A/swine/Iowa/A01667089/2017|Segment:6|Subtype:H1N1|Host:Swine
>gb:MF801501|Organism:Influenza A virus (A/swine/Iowa/A01667089/2017(H1N1))|Strain Name:A/swine/Iowa/A01667089/2017|Segment:8|Subtype:H1N1|Host:Swine
>gb:MF801497|Organism:Influenza A virus (A/swine/Iowa/A01667089/2017(H1N1))|Strain Name:A/swine/Iowa/A01667089/2017|Segment:2|Subtype:H1N1|Host:Swine
>gb:MF801496|Organism:Influenza A virus (A/swine/Iowa/A01667089/2017(H1N1))|Strain Name:A/swine/Iowa/A01667089/2017|Segment:1|Subtype:H1N1|Host:Swine
>gb:MF000483|Organism:Influenza A virus (A/swine/Iowa/A01667089/2017(H1N1))|Strain Name:A/swine/Iowa/A01667089/2017|Segment:4|Subtype:H1N1|Host:Swine
>gb:MF801498|Organism:Influenza A virus (A/swine/Iowa/A01667089/2017(H1N1))|Strain Name:A/swine/Iowa/A01667089/2017|Segment:3|Subtype:H1N1|Host:Swine
>gb:MF801558|Organism:Influenza A virus (A/swine/Iowa/A01667091/2017(H1N1))|Strain Name:A/swine/Iowa/A01667091/2017|Segment:7|Subtype:H1N1|Host:Swine
>gb:MF801554|Organism:Influenza A virus (A/swine/Iowa/A01667091/2017(H1N1))|Strain Name:A/swine/Iowa/A01667091/2017|Segment:1|Subtype:H1N1|Host:Swine
>gb:MF801555|Organism:Influenza A virus (A/swine/Iowa/A01667091/2017(H1N1))|Strain Name:A/swine/Iowa/A01667091/2017|Segment:2|Subtype:H1N1|Host:Swine
>gb:MF801559|Organism:Influenza A virus (A/swine/Iowa/A01667091/2017(H1N1))|Strain Name:A/swine/Iowa/A01667091/2017|Segment:8|Subtype:H1N1|Host:Swine
>gb:KY941170|Organism:Influenza A virus (A/swine/Iowa/A01667091/2017(H1N1))|Strain Name:A/swine/Iowa/A01667091/2017|Segment:4|Subtype:H1N1|Host:Swine
>gb:MF801557|Organism:Influenza A virus (A/swine/Iowa/A01667091/2017(H1N1))|Strain Name:A/swine/Iowa/A01667091/2017|Segment:5|Subtype:H1N1|Host:Swine
>gb:KY941171|Organism:Influenza A virus (A/swine/Iowa/A01667091/2017(H1N1))|Strain Name:A/swine/Iowa/A01667091/2017|Segment:6|Subtype:H1N1|Host:Swine
>gb:MF801556|Organism:Influenza A virus (A/swine/Iowa/A01667091/2017(H1N1))|Strain Name:A/swine/Iowa/A01667091/2017|Segment:3|Subtype:H1N1|Host:Swine
>gb:MF373297|Organism:Influenza A virus (A/swine/Iowa/A01672342/2017(H1N1))|Strain Name:A/swine/Iowa/A01672342/2017|Segment:8|Subtype:H1N1|Host:Swine
>gb:KY802109|Organism:Influenza A virus (A/swine/Iowa/A01672342/2017(H1N1))|Strain Name:A/swine/Iowa/A01672342/2017|Segment:6|Subtype:H1N1|Host:Swine
>gb:MF373296|Organism:Influenza A virus (A/swine/Iowa/A01672342/2017(H1N1))|Strain Name:A/swine/Iowa/A01672342/2017|Segment:7|Subtype:H1N1|Host:Swine
>gb:KY802108|Organism:Influenza A virus (A/swine/Iowa/A01672342/2017(H1N1))|Strain Name:A/swine/Iowa/A01672342/2017|Segment:4|Subtype:H1N1|Host:Swine
>gb:MF373295|Organism:Influenza A virus (A/swine/Iowa/A01672342/2017(H1N1))|Strain Name:A/swine/Iowa/A01672342/2017|Segment:5|Subtype:H1N1|Host:Swine
>gb:MF373293|Organism:Influenza A virus (A/swine/Iowa/A01672342/2017(H1N1))|Strain Name:A/swine/Iowa/A01672342/2017|Segment:2|Subtype:H1N1|Host:Swine
>gb:MF373294|Organism:Influenza A virus (A/swine/Iowa/A01672342/2017(H1N1))|Strain Name:A/swine/Iowa/A01672342/2017|Segment:3|Subtype:H1N1|Host:Swine
>gb:MF373292|Organism:Influenza A virus (A/swine/Iowa/A01672342/2017(H1N1))|Strain Name:A/swine/Iowa/A01672342/2017|Segment:1|Subtype:H1N1|Host:Swine
>gb:MF373298|Organism:Influenza A virus (A/swine/Iowa/A01672415/2017(H1N1))|Strain Name:A/swine/Iowa/A01672415/2017|Segment:1|Subtype:H1N1|Host:Swine
>gb:MF373301|Organism:Influenza A virus (A/swine/Iowa/A01672415/2017(H1N1))|Strain Name:A/swine/Iowa/A01672415/2017|Segment:5|Subtype:H1N1|Host:Swine
>gb:KY593235|Organism:Influenza A virus (A/swine/Iowa/A01672415/2017(H1N1))|Strain Name:A/swine/Iowa/A01672415/2017|Segment:4|Subtype:H1N1|Host:Swine
>gb:KY593236|Organism:Influenza A virus (A/swine/Iowa/A01672415/2017(H1N1))|Strain Name:A/swine/Iowa/A01672415/2017|Segment:6|Subtype:H1N1|Host:Swine
>gb:MF373302|Organism:Influenza A virus (A/swine/Iowa/A01672415/2017(H1N1))|Strain Name:A/swine/Iowa/A01672415/2017|Segment:7|Subtype:H1N1|Host:Swine
>gb:MF373300|Organism:Influenza A virus (A/swine/Iowa/A01672415/2017(H1N1))|Strain Name:A/swine/Iowa/A01672415/2017|Segment:3|Subtype:H1N1|Host:Swine
>gb:MF373303|Organism:Influenza A virus (A/swine/Iowa/A01672415/2017(H1N1))|Strain Name:A/swine/Iowa/A01672415/2017|Segment:8|Subtype:H1N1|Host:Swine
>gb:MF373299|Organism:Influenza A virus (A/swine/Iowa/A01672415/2017(H1N1))|Strain Name:A/swine/Iowa/A01672415/2017|Segment:2|Subtype:H1N1|Host:Swine
>gb:MF373217|Organism:Influenza A virus (A/swine/Iowa/A01672518/2017(H1N1))|Strain Name:A/swine/Iowa/A01672518/2017|Segment:3|Subtype:H1N1|Host:Swine
>gb:MF373220|Organism:Influenza A virus (A/swine/Iowa/A01672518/2017(H1N1))|Strain Name:A/swine/Iowa/A01672518/2017|Segment:8|Subtype:H1N1|Host:Swine
>gb:MF373219|Organism:Influenza A virus (A/swine/Iowa/A01672518/2017(H1N1))|Strain Name:A/swine/Iowa/A01672518/2017|Segment:7|Subtype:H1N1|Host:Swine
>gb:KY653731|Organism:Influenza A virus (A/swine/Iowa/A01672518/2017(H1N1))|Strain Name:A/swine/Iowa/A01672518/2017|Segment:6|Subtype:H1N1|Host:Swine
>gb:MF373215|Organism:Influenza A virus (A/swine/Iowa/A01672518/2017(H1N1))|Strain Name:A/swine/Iowa/A01672518/2017|Segment:1|Subtype:H1N1|Host:Swine
>gb:MF373216|Organism:Influenza A virus (A/swine/Iowa/A01672518/2017(H1N1))|Strain Name:A/swine/Iowa/A01672518/2017|Segment:2|Subtype:H1N1|Host:Swine
>gb:KY653730|Organism:Influenza A virus (A/swine/Iowa/A01672518/2017(H1N1))|Strain Name:A/swine/Iowa/A01672518/2017|Segment:4|Subtype:H1N1|Host:Swine
>gb:MF373218|Organism:Influenza A virus (A/swine/Iowa/A01672518/2017(H1N1))|Strain Name:A/swine/Iowa/A01672518/2017|Segment:5|Subtype:H1N1|Host:Swine
>gb:MF521999|Organism:Influenza A virus (A/swine/Iowa/A01672824/2017(H1N1))|Strain Name:A/swine/Iowa/A01672824/2017|Segment:5|Subtype:H1N1|Host:Swine
>gb:KY744604|Organism:Influenza A virus (A/swine/Iowa/A01672824/2017(H1N1))|Strain Name:A/swine/Iowa/A01672824/2017|Segment:4|Subtype:H1N1|Host:Swine
>gb:MF522000|Organism:Influenza A virus (A/swine/Iowa/A01672824/2017(H1N1))|Strain Name:A/swine/Iowa/A01672824/2017|Segment:7|Subtype:H1N1|Host:Swine
>gb:KY744605|Organism:Influenza A virus (A/swine/Iowa/A01672824/2017(H1N1))|Strain Name:A/swine/Iowa/A01672824/2017|Segment:6|Subtype:H1N1|Host:Swine
>gb:MF522001|Organism:Influenza A virus (A/swine/Iowa/A01672824/2017(H1N1))|Strain Name:A/swine/Iowa/A01672824/2017|Segment:8|Subtype:H1N1|Host:Swine
>gb:MF521997|Organism:Influenza A virus (A/swine/Iowa/A01672824/2017(H1N1))|Strain Name:A/swine/Iowa/A01672824/2017|Segment:2|Subtype:H1N1|Host:Swine
>gb:MF521996|Organism:Influenza A virus (A/swine/Iowa/A01672824/2017(H1N1))|Strain Name:A/swine/Iowa/A01672824/2017|Segment:1|Subtype:H1N1|Host:Swine
>gb:MF521998|Organism:Influenza A virus (A/swine/Iowa/A01672824/2017(H1N1))|Strain Name:A/swine/Iowa/A01672824/2017|Segment:3|Subtype:H1N1|Host:Swine
>gb:KY859954|Organism:Influenza A virus (A/swine/Iowa/A01932420/2017(H1N1))|Strain Name:A/swine/Iowa/A01932420/2017|Segment:4|Subtype:H1N1|Host:Swine
>gb:MF522066|Organism:Influenza A virus (A/swine/Iowa/A01932420/2017(H1N1))|Strain Name:A/swine/Iowa/A01932420/2017|Segment:7|Subtype:H1N1|Host:Swine
>gb:MF522063|Organism:Influenza A virus (A/swine/Iowa/A01932420/2017(H1N1))|Strain Name:A/swine/Iowa/A01932420/2017|Segment:2|Subtype:H1N1|Host:Swine
>gb:MF522062|Organism:Influenza A virus (A/swine/Iowa/A01932420/2017(H1N1))|Strain Name:A/swine/Iowa/A01932420/2017|Segment:1|Subtype:H1N1|Host:Swine
>gb:KY859955|Organism:Influenza A virus (A/swine/Iowa/A01932420/2017(H1N1))|Strain Name:A/swine/Iowa/A01932420/2017|Segment:6|Subtype:H1N1|Host:Swine
>gb:MF522064|Organism:Influenza A virus (A/swine/Iowa/A01932420/2017(H1N1))|Strain Name:A/swine/Iowa/A01932420/2017|Segment:3|Subtype:H1N1|Host:Swine
>gb:MF522067|Organism:Influenza A virus (A/swine/Iowa/A01932420/2017(H1N1))|Strain Name:A/swine/Iowa/A01932420/2017|Segment:8|Subtype:H1N1|Host:Swine
>gb:MF522065|Organism:Influenza A virus (A/swine/Iowa/A01932420/2017(H1N1))|Strain Name:A/swine/Iowa/A01932420/2017|Segment:5|Subtype:H1N1|Host:Swine
>gb:MF973357|Organism:Influenza A virus (A/swine/Iowa/A02214479/2017(H1N1))|Strain Name:A/swine/Iowa/A02214479/2017|Segment:2|Subtype:H1N1|Host:Swine
>gb:MF973361|Organism:Influenza A virus (A/swine/Iowa/A02214479/2017(H1N1))|Strain Name:A/swine/Iowa/A02214479/2017|Segment:8|Subtype:H1N1|Host:Swine
>gb:MF973359|Organism:Influenza A virus (A/swine/Iowa/A02214479/2017(H1N1))|Strain Name:A/swine/Iowa/A02214479/2017|Segment:5|Subtype:H1N1|Host:Swine
>gb:MF973360|Organism:Influenza A virus (A/swine/Iowa/A02214479/2017(H1N1))|Strain Name:A/swine/Iowa/A02214479/2017|Segment:7|Subtype:H1N1|Host:Swine
>gb:MF000462|Organism:Influenza A virus (A/swine/Iowa/A02214479/2017(H1N1))|Strain Name:A/swine/Iowa/A02214479/2017|Segment:6|Subtype:H1N1|Host:Swine
>gb:MF973356|Organism:Influenza A virus (A/swine/Iowa/A02214479/2017(H1N1))|Strain Name:A/swine/Iowa/A02214479/2017|Segment:1|Subtype:H1N1|Host:Swine
>gb:MF000461|Organism:Influenza A virus (A/swine/Iowa/A02214479/2017(H1N1))|Strain Name:A/swine/Iowa/A02214479/2017|Segment:4|Subtype:H1N1|Host:Swine
>gb:MF973358|Organism:Influenza A virus (A/swine/Iowa/A02214479/2017(H1N1))|Strain Name:A/swine/Iowa/A02214479/2017|Segment:3|Subtype:H1N1|Host:Swine
>gb:MF973295|Organism:Influenza A virus (A/swine/Iowa/A02214835/2017(H1N1))|Strain Name:A/swine/Iowa/A02214835/2017|Segment:8|Subtype:H1N1|Host:Swine
>gb:MF973293|Organism:Influenza A virus (A/swine/Iowa/A02214835/2017(H1N1))|Strain Name:A/swine/Iowa/A02214835/2017|Segment:5|Subtype:H1N1|Host:Swine
>gb:MF973290|Organism:Influenza A virus (A/swine/Iowa/A02214835/2017(H1N1))|Strain Name:A/swine/Iowa/A02214835/2017|Segment:1|Subtype:H1N1|Host:Swine
>gb:MF144692|Organism:Influenza A virus (A/swine/Iowa/A02214835/2017(H1N1))|Strain Name:A/swine/Iowa/A02214835/2017|Segment:4|Subtype:H1N1|Host:Swine
>gb:MF144693|Organism:Influenza A virus (A/swine/Iowa/A02214835/2017(H1N1))|Strain Name:A/swine/Iowa/A02214835/2017|Segment:6|Subtype:H1N1|Host:Swine
>gb:MF973292|Organism:Influenza A virus (A/swine/Iowa/A02214835/2017(H1N1))|Strain Name:A/swine/Iowa/A02214835/2017|Segment:3|Subtype:H1N1|Host:Swine
>gb:MF973294|Organism:Influenza A virus (A/swine/Iowa/A02214835/2017(H1N1))|Strain Name:A/swine/Iowa/A02214835/2017|Segment:7|Subtype:H1N1|Host:Swine
>gb:MF973291|Organism:Influenza A virus (A/swine/Iowa/A02214835/2017(H1N1))|Strain Name:A/swine/Iowa/A02214835/2017|Segment:2|Subtype:H1N1|Host:Swine
>gb:MG193905|Organism:Influenza A virus (A/swine/Iowa/A02215038/2017(H1N1))|Strain Name:A/swine/Iowa/A02215038/2017|Segment:3|Subtype:H1N1|Host:Swine
>gb:MG193906|Organism:Influenza A virus (A/swine/Iowa/A02215038/2017(H1N1))|Strain Name:A/swine/Iowa/A02215038/2017|Segment:5|Subtype:H1N1|Host:Swine
>gb:MF144722|Organism:Influenza A virus (A/swine/Iowa/A02215038/2017(H1N1))|Strain Name:A/swine/Iowa/A02215038/2017|Segment:4|Subtype:H1N1|Host:Swine
>gb:MG193907|Organism:Influenza A virus (A/swine/Iowa/A02215038/2017(H1N1))|Strain Name:A/swine/Iowa/A02215038/2017|Segment:7|Subtype:H1N1|Host:Swine
>gb:MF144723|Organism:Influenza A virus (A/swine/Iowa/A02215038/2017(H1N1))|Strain Name:A/swine/Iowa/A02215038/2017|Segment:6|Subtype:H1N1|Host:Swine
>gb:MG193908|Organism:Influenza A virus (A/swine/Iowa/A02215038/2017(H1N1))|Strain Name:A/swine/Iowa/A02215038/2017|Segment:8|Subtype:H1N1|Host:Swine
>gb:MG193904|Organism:Influenza A virus (A/swine/Iowa/A02215038/2017(H1N1))|Strain Name:A/swine/Iowa/A02215038/2017|Segment:2|Subtype:H1N1|Host:Swine
>gb:MG193903|Organism:Influenza A virus (A/swine/Iowa/A02215038/2017(H1N1))|Strain Name:A/swine/Iowa/A02215038/2017|Segment:1|Subtype:H1N1|Host:Swine
>gb:MG193892|Organism:Influenza A virus (A/swine/Iowa/A02215041/2017(H1N1))|Strain Name:A/swine/Iowa/A02215041/2017|Segment:2|Subtype:H1N1|Host:Swine
>gb:MF144718|Organism:Influenza A virus (A/swine/Iowa/A02215041/2017(H1N1))|Strain Name:A/swine/Iowa/A02215041/2017|Segment:4|Subtype:H1N1|Host:Swine
>gb:MG193894|Organism:Influenza A virus (A/swine/Iowa/A02215041/2017(H1N1))|Strain Name:A/swine/Iowa/A02215041/2017|Segment:5|Subtype:H1N1|Host:Swine
>gb:MG193893|Organism:Influenza A virus (A/swine/Iowa/A02215041/2017(H1N1))|Strain Name:A/swine/Iowa/A02215041/2017|Segment:3|Subtype:H1N1|Host:Swine
>gb:MG193891|Organism:Influenza A virus (A/swine/Iowa/A02215041/2017(H1N1))|Strain Name:A/swine/Iowa/A02215041/2017|Segment:1|Subtype:H1N1|Host:Swine
>gb:MF144719|Organism:Influenza A virus (A/swine/Iowa/A02215041/2017(H1N1))|Strain Name:A/swine/Iowa/A02215041/2017|Segment:6|Subtype:H1N1|Host:Swine
>gb:MG193896|Organism:Influenza A virus (A/swine/Iowa/A02215041/2017(H1N1))|Strain Name:A/swine/Iowa/A02215041/2017|Segment:8|Subtype:H1N1|Host:Swine
>gb:MG193895|Organism:Influenza A virus (A/swine/Iowa/A02215041/2017(H1N1))|Strain Name:A/swine/Iowa/A02215041/2017|Segment:7|Subtype:H1N1|Host:Swine
>gb:MG193776|Organism:Influenza A virus (A/swine/Iowa/A02215202/2017(H1N1))|Strain Name:A/swine/Iowa/A02215202/2017|Segment:2|Subtype:H1N1|Host:Swine
>gb:MG193777|Organism:Influenza A virus (A/swine/Iowa/A02215202/2017(H1N1))|Strain Name:A/swine/Iowa/A02215202/2017|Segment:3|Subtype:H1N1|Host:Swine
>gb:MG193775|Organism:Influenza A virus (A/swine/Iowa/A02215202/2017(H1N1))|Strain Name:A/swine/Iowa/A02215202/2017|Segment:1|Subtype:H1N1|Host:Swine
>gb:MF159348|Organism:Influenza A virus (A/swine/Iowa/A02215202/2017(H1N1))|Strain Name:A/swine/Iowa/A02215202/2017|Segment:6|Subtype:H1N1|Host:Swine
>gb:MF159347|Organism:Influenza A virus (A/swine/Iowa/A02215202/2017(H1N1))|Strain Name:A/swine/Iowa/A02215202/2017|Segment:4|Subtype:H1N1|Host:Swine
>gb:MG193779|Organism:Influenza A virus (A/swine/Iowa/A02215202/2017(H1N1))|Strain Name:A/swine/Iowa/A02215202/2017|Segment:7|Subtype:H1N1|Host:Swine
>gb:MG193780|Organism:Influenza A virus (A/swine/Iowa/A02215202/2017(H1N1))|Strain Name:A/swine/Iowa/A02215202/2017|Segment:8|Subtype:H1N1|Host:Swine
>gb:MG193778|Organism:Influenza A virus (A/swine/Iowa/A02215202/2017(H1N1))|Strain Name:A/swine/Iowa/A02215202/2017|Segment:5|Subtype:H1N1|Host:Swine
>gb:MG193847|Organism:Influenza A virus (A/swine/Iowa/A02216044/2017(H1N1))|Strain Name:A/swine/Iowa/A02216044/2017|Segment:3|Subtype:H1N1|Host:Swine
>gb:MF348041|Organism:Influenza A virus (A/swine/Iowa/A02216044/2017(H1N1))|Strain Name:A/swine/Iowa/A02216044/2017|Segment:6|Subtype:H1N1|Host:Swine
>gb:MG193848|Organism:Influenza A virus (A/swine/Iowa/A02216044/2017(H1N1))|Strain Name:A/swine/Iowa/A02216044/2017|Segment:5|Subtype:H1N1|Host:Swine
>gb:MG193849|Organism:Influenza A virus (A/swine/Iowa/A02216044/2017(H1N1))|Strain Name:A/swine/Iowa/A02216044/2017|Segment:7|Subtype:H1N1|Host:Swine
>gb:MG193850|Organism:Influenza A virus (A/swine/Iowa/A02216044/2017(H1N1))|Strain Name:A/swine/Iowa/A02216044/2017|Segment:8|Subtype:H1N1|Host:Swine
>gb:MG193846|Organism:Influenza A virus (A/swine/Iowa/A02216044/2017(H1N1))|Strain Name:A/swine/Iowa/A02216044/2017|Segment:2|Subtype:H1N1|Host:Swine
>gb:MG193845|Organism:Influenza A virus (A/swine/Iowa/A02216044/2017(H1N1))|Strain Name:A/swine/Iowa/A02216044/2017|Segment:1|Subtype:H1N1|Host:Swine
>gb:MF348040|Organism:Influenza A virus (A/swine/Iowa/A02216044/2017(H1N1))|Strain Name:A/swine/Iowa/A02216044/2017|Segment:4|Subtype:H1N1|Host:Swine
>gb:MG193808|Organism:Influenza A virus (A/swine/Iowa/A02216046/2017(H1N1))|Strain Name:A/swine/Iowa/A02216046/2017|Segment:2|Subtype:H1N1|Host:Swine
>gb:MF348033|Organism:Influenza A virus (A/swine/Iowa/A02216046/2017(H1N1))|Strain Name:A/swine/Iowa/A02216046/2017|Segment:4|Subtype:H1N1|Host:Swine
>gb:MG193807|Organism:Influenza A virus (A/swine/Iowa/A02216046/2017(H1N1))|Strain Name:A/swine/Iowa/A02216046/2017|Segment:1|Subtype:H1N1|Host:Swine
>gb:MG193811|Organism:Influenza A virus (A/swine/Iowa/A02216046/2017(H1N1))|Strain Name:A/swine/Iowa/A02216046/2017|Segment:7|Subtype:H1N1|Host:Swine
>gb:MF348034|Organism:Influenza A virus (A/swine/Iowa/A02216046/2017(H1N1))|Strain Name:A/swine/Iowa/A02216046/2017|Segment:6|Subtype:H1N1|Host:Swine
>gb:MG193812|Organism:Influenza A virus (A/swine/Iowa/A02216046/2017(H1N1))|Strain Name:A/swine/Iowa/A02216046/2017|Segment:8|Subtype:H1N1|Host:Swine
>gb:MG193810|Organism:Influenza A virus (A/swine/Iowa/A02216046/2017(H1N1))|Strain Name:A/swine/Iowa/A02216046/2017|Segment:5|Subtype:H1N1|Host:Swine
>gb:MG193809|Organism:Influenza A virus (A/swine/Iowa/A02216046/2017(H1N1))|Strain Name:A/swine/Iowa/A02216046/2017|Segment:3|Subtype:H1N1|Host:Swine
>gb:MF455482|Organism:Influenza A virus (A/swine/Iowa/A02216456/2017(H1N1))|Strain Name:A/swine/Iowa/A02216456/2017|Segment:6|Subtype:H1N1|Host:Swine
>gb:MG193862|Organism:Influenza A virus (A/swine/Iowa/A02216456/2017(H1N1))|Strain Name:A/swine/Iowa/A02216456/2017|Segment:8|Subtype:H1N1|Host:Swine
>gb:MG193860|Organism:Influenza A virus (A/swine/Iowa/A02216456/2017(H1N1))|Strain Name:A/swine/Iowa/A02216456/2017|Segment:5|Subtype:H1N1|Host:Swine
>gb:MF455481|Organism:Influenza A virus (A/swine/Iowa/A02216456/2017(H1N1))|Strain Name:A/swine/Iowa/A02216456/2017|Segment:4|Subtype:H1N1|Host:Swine
>gb:MG193858|Organism:Influenza A virus (A/swine/Iowa/A02216456/2017(H1N1))|Strain Name:A/swine/Iowa/A02216456/2017|Segment:2|Subtype:H1N1|Host:Swine
>gb:MG193859|Organism:Influenza A virus (A/swine/Iowa/A02216456/2017(H1N1))|Strain Name:A/swine/Iowa/A02216456/2017|Segment:3|Subtype:H1N1|Host:Swine
>gb:MG193861|Organism:Influenza A virus (A/swine/Iowa/A02216456/2017(H1N1))|Strain Name:A/swine/Iowa/A02216456/2017|Segment:7|Subtype:H1N1|Host:Swine
>gb:MG193857|Organism:Influenza A virus (A/swine/Iowa/A02216456/2017(H1N1))|Strain Name:A/swine/Iowa/A02216456/2017|Segment:1|Subtype:H1N1|Host:Swine
>gb:MG521049|Organism:Influenza A virus (A/swine/Iowa/A02217282/2017(H1N1))|Strain Name:A/swine/Iowa/A02217282/2017|Segment:2|Subtype:H1N1|Host:Swine
>gb:MF455484|Organism:Influenza A virus (A/swine/Iowa/A02217282/2017(H1N1))|Strain Name:A/swine/Iowa/A02217282/2017|Segment:6|Subtype:H1N1|Host:Swine
>gb:MG521051|Organism:Influenza A virus (A/swine/Iowa/A02217282/2017(H1N1))|Strain Name:A/swine/Iowa/A02217282/2017|Segment:5|Subtype:H1N1|Host:Swine
>gb:MG521048|Organism:Influenza A virus (A/swine/Iowa/A02217282/2017(H1N1))|Strain Name:A/swine/Iowa/A02217282/2017|Segment:1|Subtype:H1N1|Host:Swine
>gb:MG521053|Organism:Influenza A virus (A/swine/Iowa/A02217282/2017(H1N1))|Strain Name:A/swine/Iowa/A02217282/2017|Segment:8|Subtype:H1N1|Host:Swine
>gb:MF455483|Organism:Influenza A virus (A/swine/Iowa/A02217282/2017(H1N1))|Strain Name:A/swine/Iowa/A02217282/2017|Segment:4|Subtype:H1N1|Host:Swine
>gb:MG521052|Organism:Influenza A virus (A/swine/Iowa/A02217282/2017(H1N1))|Strain Name:A/swine/Iowa/A02217282/2017|Segment:7|Subtype:H1N1|Host:Swine
>gb:MG521050|Organism:Influenza A virus (A/swine/Iowa/A02217282/2017(H1N1))|Strain Name:A/swine/Iowa/A02217282/2017|Segment:3|Subtype:H1N1|Host:Swine
>gb:MF582503|Organism:Influenza A virus (A/swine/Iowa/A02217313/2017(H1N1))|Strain Name:A/swine/Iowa/A02217313/2017|Segment:6|Subtype:H1N1|Host:Swine
>gb:MG521009|Organism:Influenza A virus (A/swine/Iowa/A02217313/2017(H1N1))|Strain Name:A/swine/Iowa/A02217313/2017|Segment:5|Subtype:H1N1|Host:Swine
>gb:MG521011|Organism:Influenza A virus (A/swine/Iowa/A02217313/2017(H1N1))|Strain Name:A/swine/Iowa/A02217313/2017|Segment:8|Subtype:H1N1|Host:Swine
>gb:MG521010|Organism:Influenza A virus (A/swine/Iowa/A02217313/2017(H1N1))|Strain Name:A/swine/Iowa/A02217313/2017|Segment:7|Subtype:H1N1|Host:Swine
>gb:MG521007|Organism:Influenza A virus (A/swine/Iowa/A02217313/2017(H1N1))|Strain Name:A/swine/Iowa/A02217313/2017|Segment:2|Subtype:H1N1|Host:Swine
>gb:MG521006|Organism:Influenza A virus (A/swine/Iowa/A02217313/2017(H1N1))|Strain Name:A/swine/Iowa/A02217313/2017|Segment:1|Subtype:H1N1|Host:Swine
>gb:MF582502|Organism:Influenza A virus (A/swine/Iowa/A02217313/2017(H1N1))|Strain Name:A/swine/Iowa/A02217313/2017|Segment:4|Subtype:H1N1|Host:Swine
>gb:MG521008|Organism:Influenza A virus (A/swine/Iowa/A02217313/2017(H1N1))|Strain Name:A/swine/Iowa/A02217313/2017|Segment:3|Subtype:H1N1|Host:Swine
>gb:MF582533|Organism:Influenza A virus (A/swine/Iowa/A02218171/2017(H1N1))|Strain Name:A/swine/Iowa/A02218171/2017|Segment:6|Subtype:H1N1|Host:Swine
>gb:MG650644|Organism:Influenza A virus (A/swine/Iowa/A02218171/2017(H1N1))|Strain Name:A/swine/Iowa/A02218171/2017|Segment:3|Subtype:H1N1|Host:Swine
>gb:MF582532|Organism:Influenza A virus (A/swine/Iowa/A02218171/2017(H1N1))|Strain Name:A/swine/Iowa/A02218171/2017|Segment:4|Subtype:H1N1|Host:Swine
>gb:MG650642|Organism:Influenza A virus (A/swine/Iowa/A02218171/2017(H1N1))|Strain Name:A/swine/Iowa/A02218171/2017|Segment:1|Subtype:H1N1|Host:Swine
>gb:MG650643|Organism:Influenza A virus (A/swine/Iowa/A02218171/2017(H1N1))|Strain Name:A/swine/Iowa/A02218171/2017|Segment:2|Subtype:H1N1|Host:Swine
>gb:MG650646|Organism:Influenza A virus (A/swine/Iowa/A02218171/2017(H1N1))|Strain Name:A/swine/Iowa/A02218171/2017|Segment:7|Subtype:H1N1|Host:Swine
>gb:MG650647|Organism:Influenza A virus (A/swine/Iowa/A02218171/2017(H1N1))|Strain Name:A/swine/Iowa/A02218171/2017|Segment:8|Subtype:H1N1|Host:Swine
>gb:MG650645|Organism:Influenza A virus (A/swine/Iowa/A02218171/2017(H1N1))|Strain Name:A/swine/Iowa/A02218171/2017|Segment:5|Subtype:H1N1|Host:Swine
>gb:MG662659|Organism:Influenza A virus (A/swine/Iowa/A02218750/2017(H1N1))|Strain Name:A/swine/Iowa/A02218750/2017|Segment:3|Subtype:H1N1|Host:Swine
>gb:MG662660|Organism:Influenza A virus (A/swine/Iowa/A02218750/2017(H1N1))|Strain Name:A/swine/Iowa/A02218750/2017|Segment:5|Subtype:H1N1|Host:Swine
>gb:MG662657|Organism:Influenza A virus (A/swine/Iowa/A02218750/2017(H1N1))|Strain Name:A/swine/Iowa/A02218750/2017|Segment:1|Subtype:H1N1|Host:Swine
>gb:MG662658|Organism:Influenza A virus (A/swine/Iowa/A02218750/2017(H1N1))|Strain Name:A/swine/Iowa/A02218750/2017|Segment:2|Subtype:H1N1|Host:Swine
>gb:MF784419|Organism:Influenza A virus (A/swine/Iowa/A02218750/2017(H1N1))|Strain Name:A/swine/Iowa/A02218750/2017|Segment:4|Subtype:H1N1|Host:Swine
>gb:MF784420|Organism:Influenza A virus (A/swine/Iowa/A02218750/2017(H1N1))|Strain Name:A/swine/Iowa/A02218750/2017|Segment:6|Subtype:H1N1|Host:Swine
>gb:MG662662|Organism:Influenza A virus (A/swine/Iowa/A02218750/2017(H1N1))|Strain Name:A/swine/Iowa/A02218750/2017|Segment:8|Subtype:H1N1|Host:Swine
>gb:MG662661|Organism:Influenza A virus (A/swine/Iowa/A02218750/2017(H1N1))|Strain Name:A/swine/Iowa/A02218750/2017|Segment:7|Subtype:H1N1|Host:Swine
>gb:MG662553|Organism:Influenza A virus (A/swine/Iowa/A02218755/2017(H1N1))|Strain Name:A/swine/Iowa/A02218755/2017|Segment:1|Subtype:H1N1|Host:Swine
>gb:MF784409|Organism:Influenza A virus (A/swine/Iowa/A02218755/2017(H1N1))|Strain Name:A/swine/Iowa/A02218755/2017|Segment:4|Subtype:H1N1|Host:Swine
>gb:MF784410|Organism:Influenza A virus (A/swine/Iowa/A02218755/2017(H1N1))|Strain Name:A/swine/Iowa/A02218755/2017|Segment:6|Subtype:H1N1|Host:Swine
>gb:MG662558|Organism:Influenza A virus (A/swine/Iowa/A02218755/2017(H1N1))|Strain Name:A/swine/Iowa/A02218755/2017|Segment:8|Subtype:H1N1|Host:Swine
>gb:MG662556|Organism:Influenza A virus (A/swine/Iowa/A02218755/2017(H1N1))|Strain Name:A/swine/Iowa/A02218755/2017|Segment:5|Subtype:H1N1|Host:Swine
>gb:MG662557|Organism:Influenza A virus (A/swine/Iowa/A02218755/2017(H1N1))|Strain Name:A/swine/Iowa/A02218755/2017|Segment:7|Subtype:H1N1|Host:Swine
>gb:MG662555|Organism:Influenza A virus (A/swine/Iowa/A02218755/2017(H1N1))|Strain Name:A/swine/Iowa/A02218755/2017|Segment:3|Subtype:H1N1|Host:Swine
>gb:MG662554|Organism:Influenza A virus (A/swine/Iowa/A02218755/2017(H1N1))|Strain Name:A/swine/Iowa/A02218755/2017|Segment:2|Subtype:H1N1|Host:Swine
>gb:MG210352|Organism:Influenza A virus (A/swine/Iowa/A02221505/2017(H1N1))|Strain Name:A/swine/Iowa/A02221505/2017|Segment:6|Subtype:H1N1|Host:Swine
>gb:MG784562|Organism:Influenza A virus (A/swine/Iowa/A02221505/2017(H1N1))|Strain Name:A/swine/Iowa/A02221505/2017|Segment:1|Subtype:H1N1|Host:Swine
>gb:MG210351|Organism:Influenza A virus (A/swine/Iowa/A02221505/2017(H1N1))|Strain Name:A/swine/Iowa/A02221505/2017|Segment:4|Subtype:H1N1|Host:Swine
>gb:MG784564|Organism:Influenza A virus (A/swine/Iowa/A02221505/2017(H1N1))|Strain Name:A/swine/Iowa/A02221505/2017|Segment:3|Subtype:H1N1|Host:Swine
>gb:MG784563|Organism:Influenza A virus (A/swine/Iowa/A02221505/2017(H1N1))|Strain Name:A/swine/Iowa/A02221505/2017|Segment:2|Subtype:H1N1|Host:Swine
>gb:MG784565|Organism:Influenza A virus (A/swine/Iowa/A02221505/2017(H1N1))|Strain Name:A/swine/Iowa/A02221505/2017|Segment:5|Subtype:H1N1|Host:Swine
>gb:MG784567|Organism:Influenza A virus (A/swine/Iowa/A02221505/2017(H1N1))|Strain Name:A/swine/Iowa/A02221505/2017|Segment:8|Subtype:H1N1|Host:Swine
>gb:MG784566|Organism:Influenza A virus (A/swine/Iowa/A02221505/2017(H1N1))|Strain Name:A/swine/Iowa/A02221505/2017|Segment:7|Subtype:H1N1|Host:Swine
>gb:MG784593|Organism:Influenza A virus (A/swine/Iowa/A02221506/2017(H1N1))|Strain Name:A/swine/Iowa/A02221506/2017|Segment:2|Subtype:H1N1|Host:Swine
>gb:MG784595|Organism:Influenza A virus (A/swine/Iowa/A02221506/2017(H1N1))|Strain Name:A/swine/Iowa/A02221506/2017|Segment:5|Subtype:H1N1|Host:Swine
>gb:MG784597|Organism:Influenza A virus (A/swine/Iowa/A02221506/2017(H1N1))|Strain Name:A/swine/Iowa/A02221506/2017|Segment:8|Subtype:H1N1|Host:Swine
>gb:MG198985|Organism:Influenza A virus (A/swine/Iowa/A02221506/2017(H1N1))|Strain Name:A/swine/Iowa/A02221506/2017|Segment:4|Subtype:H1N1|Host:Swine
>gb:MG198986|Organism:Influenza A virus (A/swine/Iowa/A02221506/2017(H1N1))|Strain Name:A/swine/Iowa/A02221506/2017|Segment:6|Subtype:H1N1|Host:Swine
>gb:MG784596|Organism:Influenza A virus (A/swine/Iowa/A02221506/2017(H1N1))|Strain Name:A/swine/Iowa/A02221506/2017|Segment:7|Subtype:H1N1|Host:Swine
>gb:MG784594|Organism:Influenza A virus (A/swine/Iowa/A02221506/2017(H1N1))|Strain Name:A/swine/Iowa/A02221506/2017|Segment:3|Subtype:H1N1|Host:Swine
>gb:MG784592|Organism:Influenza A virus (A/swine/Iowa/A02221506/2017(H1N1))|Strain Name:A/swine/Iowa/A02221506/2017|Segment:1|Subtype:H1N1|Host:Swine
>gb:MG784585|Organism:Influenza A virus (A/swine/Iowa/A02221508/2017(H1N1))|Strain Name:A/swine/Iowa/A02221508/2017|Segment:8|Subtype:H1N1|Host:Swine
>gb:MG784583|Organism:Influenza A virus (A/swine/Iowa/A02221508/2017(H1N1))|Strain Name:A/swine/Iowa/A02221508/2017|Segment:5|Subtype:H1N1|Host:Swine
>gb:MG784582|Organism:Influenza A virus (A/swine/Iowa/A02221508/2017(H1N1))|Strain Name:A/swine/Iowa/A02221508/2017|Segment:3|Subtype:H1N1|Host:Swine
>gb:MG210360|Organism:Influenza A virus (A/swine/Iowa/A02221508/2017(H1N1))|Strain Name:A/swine/Iowa/A02221508/2017|Segment:6|Subtype:H1N1|Host:Swine
>gb:MG210359|Organism:Influenza A virus (A/swine/Iowa/A02221508/2017(H1N1))|Strain Name:A/swine/Iowa/A02221508/2017|Segment:4|Subtype:H1N1|Host:Swine
>gb:MG784584|Organism:Influenza A virus (A/swine/Iowa/A02221508/2017(H1N1))|Strain Name:A/swine/Iowa/A02221508/2017|Segment:7|Subtype:H1N1|Host:Swine
>gb:MG784581|Organism:Influenza A virus (A/swine/Iowa/A02221508/2017(H1N1))|Strain Name:A/swine/Iowa/A02221508/2017|Segment:2|Subtype:H1N1|Host:Swine
>gb:MG784580|Organism:Influenza A virus (A/swine/Iowa/A02221508/2017(H1N1))|Strain Name:A/swine/Iowa/A02221508/2017|Segment:1|Subtype:H1N1|Host:Swine
>gb:KY888027|Organism:Influenza A virus (A/swine/Kansas/A01378019/2017(H1N1))|Strain Name:A/swine/Kansas/A01378019/2017|Segment:1|Subtype:H1N1|Host:Swine
>gb:KY888028|Organism:Influenza A virus (A/swine/Kansas/A01378019/2017(H1N1))|Strain Name:A/swine/Kansas/A01378019/2017|Segment:2|Subtype:H1N1|Host:Swine
>gb:KY888029|Organism:Influenza A virus (A/swine/Kansas/A01378019/2017(H1N1))|Strain Name:A/swine/Kansas/A01378019/2017|Segment:3|Subtype:H1N1|Host:Swine
>gb:KY888030|Organism:Influenza A virus (A/swine/Kansas/A01378019/2017(H1N1))|Strain Name:A/swine/Kansas/A01378019/2017|Segment:4|Subtype:H1N1|Host:Swine
>gb:KY888031|Organism:Influenza A virus (A/swine/Kansas/A01378019/2017(H1N1))|Strain Name:A/swine/Kansas/A01378019/2017|Segment:5|Subtype:H1N1|Host:Swine
>gb:KY888032|Organism:Influenza A virus (A/swine/Kansas/A01378019/2017(H1N1))|Strain Name:A/swine/Kansas/A01378019/2017|Segment:6|Subtype:H1N1|Host:Swine
>gb:KY888033|Organism:Influenza A virus (A/swine/Kansas/A01378019/2017(H1N1))|Strain Name:A/swine/Kansas/A01378019/2017|Segment:7|Subtype:H1N1|Host:Swine
>gb:KY888034|Organism:Influenza A virus (A/swine/Kansas/A01378019/2017(H1N1))|Strain Name:A/swine/Kansas/A01378019/2017|Segment:8|Subtype:H1N1|Host:Swine
>gb:MF116355|Organism:Influenza A virus (A/swine/Kansas/A01378027/2017(H1N1))|Strain Name:A/swine/Kansas/A01378027/2017|Segment:1|Subtype:H1N1|Host:Swine
>gb:MF116358|Organism:Influenza A virus (A/swine/Kansas/A01378027/2017(H1N1))|Strain Name:A/swine/Kansas/A01378027/2017|Segment:4|Subtype:H1N1|Host:Swine
>gb:MF116357|Organism:Influenza A virus (A/swine/Kansas/A01378027/2017(H1N1))|Strain Name:A/swine/Kansas/A01378027/2017|Segment:3|Subtype:H1N1|Host:Swine
>gb:MF116360|Organism:Influenza A virus (A/swine/Kansas/A01378027/2017(H1N1))|Strain Name:A/swine/Kansas/A01378027/2017|Segment:6|Subtype:H1N1|Host:Swine
>gb:MF116361|Organism:Influenza A virus (A/swine/Kansas/A01378027/2017(H1N1))|Strain Name:A/swine/Kansas/A01378027/2017|Segment:7|Subtype:H1N1|Host:Swine
>gb:MF116356|Organism:Influenza A virus (A/swine/Kansas/A01378027/2017(H1N1))|Strain Name:A/swine/Kansas/A01378027/2017|Segment:2|Subtype:H1N1|Host:Swine
>gb:MF116359|Organism:Influenza A virus (A/swine/Kansas/A01378027/2017(H1N1))|Strain Name:A/swine/Kansas/A01378027/2017|Segment:5|Subtype:H1N1|Host:Swine
>gb:MF116362|Organism:Influenza A virus (A/swine/Kansas/A01378027/2017(H1N1))|Strain Name:A/swine/Kansas/A01378027/2017|Segment:8|Subtype:H1N1|Host:Swine
>gb:MG835454|Organism:Influenza A virus|Strain Name:A/swine/Kansas/A01378037/2017|Segment:4|Subtype:H1N1|Host:Swine
>gb:MG835453|Organism:Influenza A virus|Strain Name:A/swine/Kansas/A01378037/2017|Segment:3|Subtype:H1N1|Host:Swine
>gb:MG835452|Organism:Influenza A virus|Strain Name:A/swine/Kansas/A01378037/2017|Segment:2|Subtype:H1N1|Host:Swine
>gb:MG835451|Organism:Influenza A virus|Strain Name:A/swine/Kansas/A01378037/2017|Segment:1|Subtype:H1N1|Host:Swine
>gb:MG835458|Organism:Influenza A virus|Strain Name:A/swine/Kansas/A01378037/2017|Segment:8|Subtype:H1N1|Host:Swine
>gb:MG835457|Organism:Influenza A virus|Strain Name:A/swine/Kansas/A01378037/2017|Segment:7|Subtype:H1N1|Host:Swine
>gb:MG835456|Organism:Influenza A virus|Strain Name:A/swine/Kansas/A01378037/2017|Segment:6|Subtype:H1N1|Host:Swine
>gb:MG835455|Organism:Influenza A virus|Strain Name:A/swine/Kansas/A01378037/2017|Segment:5|Subtype:H1N1|Host:Swine
>gb:MG912578|Organism:Influenza A virus|Strain Name:A/swine/Kansas/A01378038/2017|Segment:1|Subtype:H1N1|Host:Swine
>gb:MG912579|Organism:Influenza A virus|Strain Name:A/swine/Kansas/A01378038/2017|Segment:2|Subtype:H1N1|Host:Swine
>gb:MG912584|Organism:Influenza A virus|Strain Name:A/swine/Kansas/A01378038/2017|Segment:7|Subtype:H1N1|Host:Swine
>gb:MG912583|Organism:Influenza A virus|Strain Name:A/swine/Kansas/A01378038/2017|Segment:6|Subtype:H1N1|Host:Swine
>gb:MG912580|Organism:Influenza A virus|Strain Name:A/swine/Kansas/A01378038/2017|Segment:3|Subtype:H1N1|Host:Swine
>gb:MG912585|Organism:Influenza A virus|Strain Name:A/swine/Kansas/A01378038/2017|Segment:8|Subtype:H1N1|Host:Swine
>gb:MG912582|Organism:Influenza A virus|Strain Name:A/swine/Kansas/A01378038/2017|Segment:5|Subtype:H1N1|Host:Swine
>gb:MG912581|Organism:Influenza A virus|Strain Name:A/swine/Kansas/A01378038/2017|Segment:4|Subtype:H1N1|Host:Swine
>gb:KY970163|Organism:Influenza A virus (A/swine/Michigan/A01259076/2017(H1N1))|Strain Name:A/swine/Michigan/A01259076/2017|Segment:2|Subtype:H1N1|Host:Swine
>gb:KY970167|Organism:Influenza A virus (A/swine/Michigan/A01259076/2017(H1N1))|Strain Name:A/swine/Michigan/A01259076/2017|Segment:6|Subtype:H1N1|Host:Swine
>gb:KY970166|Organism:Influenza A virus (A/swine/Michigan/A01259076/2017(H1N1))|Strain Name:A/swine/Michigan/A01259076/2017|Segment:5|Subtype:H1N1|Host:Swine
>gb:KY970165|Organism:Influenza A virus (A/swine/Michigan/A01259076/2017(H1N1))|Strain Name:A/swine/Michigan/A01259076/2017|Segment:4|Subtype:H1N1|Host:Swine
>gb:KY970164|Organism:Influenza A virus (A/swine/Michigan/A01259076/2017(H1N1))|Strain Name:A/swine/Michigan/A01259076/2017|Segment:3|Subtype:H1N1|Host:Swine
>gb:KY970162|Organism:Influenza A virus (A/swine/Michigan/A01259076/2017(H1N1))|Strain Name:A/swine/Michigan/A01259076/2017|Segment:1|Subtype:H1N1|Host:Swine
>gb:KY970169|Organism:Influenza A virus (A/swine/Michigan/A01259076/2017(H1N1))|Strain Name:A/swine/Michigan/A01259076/2017|Segment:8|Subtype:H1N1|Host:Swine
>gb:KY970168|Organism:Influenza A virus (A/swine/Michigan/A01259076/2017(H1N1))|Strain Name:A/swine/Michigan/A01259076/2017|Segment:7|Subtype:H1N1|Host:Swine
>gb:KY995627|Organism:Influenza A virus (A/swine/Michigan/A02214235/2017(H1N1))|Strain Name:A/swine/Michigan/A02214235/2017|Segment:4|Subtype:H1N1|Host:Swine
>gb:MF801596|Organism:Influenza A virus (A/swine/Michigan/A02214235/2017(H1N1))|Strain Name:A/swine/Michigan/A02214235/2017|Segment:7|Subtype:H1N1|Host:Swine
>gb:KY995628|Organism:Influenza A virus (A/swine/Michigan/A02214235/2017(H1N1))|Strain Name:A/swine/Michigan/A02214235/2017|Segment:6|Subtype:H1N1|Host:Swine
>gb:MF801597|Organism:Influenza A virus (A/swine/Michigan/A02214235/2017(H1N1))|Strain Name:A/swine/Michigan/A02214235/2017|Segment:8|Subtype:H1N1|Host:Swine
>gb:MF801592|Organism:Influenza A virus (A/swine/Michigan/A02214235/2017(H1N1))|Strain Name:A/swine/Michigan/A02214235/2017|Segment:1|Subtype:H1N1|Host:Swine
>gb:MF801595|Organism:Influenza A virus (A/swine/Michigan/A02214235/2017(H1N1))|Strain Name:A/swine/Michigan/A02214235/2017|Segment:5|Subtype:H1N1|Host:Swine
>gb:MF801594|Organism:Influenza A virus (A/swine/Michigan/A02214235/2017(H1N1))|Strain Name:A/swine/Michigan/A02214235/2017|Segment:3|Subtype:H1N1|Host:Swine
>gb:MF801593|Organism:Influenza A virus (A/swine/Michigan/A02214235/2017(H1N1))|Strain Name:A/swine/Michigan/A02214235/2017|Segment:2|Subtype:H1N1|Host:Swine
>gb:MF801526|Organism:Influenza A virus (A/swine/Minnesota/A01667100/2017(H1N1))|Strain Name:A/swine/Minnesota/A01667100/2017|Segment:7|Subtype:H1N1|Host:Swine
>gb:KY941163|Organism:Influenza A virus (A/swine/Minnesota/A01667100/2017(H1N1))|Strain Name:A/swine/Minnesota/A01667100/2017|Segment:4|Subtype:H1N1|Host:Swine
>gb:MF801522|Organism:Influenza A virus (A/swine/Minnesota/A01667100/2017(H1N1))|Strain Name:A/swine/Minnesota/A01667100/2017|Segment:1|Subtype:H1N1|Host:Swine
>gb:MF801524|Organism:Influenza A virus (A/swine/Minnesota/A01667100/2017(H1N1))|Strain Name:A/swine/Minnesota/A01667100/2017|Segment:3|Subtype:H1N1|Host:Swine
>gb:KY941164|Organism:Influenza A virus (A/swine/Minnesota/A01667100/2017(H1N1))|Strain Name:A/swine/Minnesota/A01667100/2017|Segment:6|Subtype:H1N1|Host:Swine
>gb:MF801527|Organism:Influenza A virus (A/swine/Minnesota/A01667100/2017(H1N1))|Strain Name:A/swine/Minnesota/A01667100/2017|Segment:8|Subtype:H1N1|Host:Swine
>gb:MF801523|Organism:Influenza A virus (A/swine/Minnesota/A01667100/2017(H1N1))|Strain Name:A/swine/Minnesota/A01667100/2017|Segment:2|Subtype:H1N1|Host:Swine
>gb:MF801525|Organism:Influenza A virus (A/swine/Minnesota/A01667100/2017(H1N1))|Strain Name:A/swine/Minnesota/A01667100/2017|Segment:5|Subtype:H1N1|Host:Swine
>gb:MF373266|Organism:Influenza A virus (A/swine/Minnesota/A01672344/2017(H1N1))|Strain Name:A/swine/Minnesota/A01672344/2017|Segment:7|Subtype:H1N1|Host:Swine
>gb:MF373267|Organism:Influenza A virus (A/swine/Minnesota/A01672344/2017(H1N1))|Strain Name:A/swine/Minnesota/A01672344/2017|Segment:8|Subtype:H1N1|Host:Swine
>gb:MF373262|Organism:Influenza A virus (A/swine/Minnesota/A01672344/2017(H1N1))|Strain Name:A/swine/Minnesota/A01672344/2017|Segment:1|Subtype:H1N1|Host:Swine
>gb:MF373263|Organism:Influenza A virus (A/swine/Minnesota/A01672344/2017(H1N1))|Strain Name:A/swine/Minnesota/A01672344/2017|Segment:2|Subtype:H1N1|Host:Swine
>gb:MF373264|Organism:Influenza A virus (A/swine/Minnesota/A01672344/2017(H1N1))|Strain Name:A/swine/Minnesota/A01672344/2017|Segment:3|Subtype:H1N1|Host:Swine
>gb:KY575163|Organism:Influenza A virus (A/swine/Minnesota/A01672344/2017(H1N1))|Strain Name:A/swine/Minnesota/A01672344/2017|Segment:4|Subtype:H1N1|Host:Swine
>gb:MF373265|Organism:Influenza A virus (A/swine/Minnesota/A01672344/2017(H1N1))|Strain Name:A/swine/Minnesota/A01672344/2017|Segment:5|Subtype:H1N1|Host:Swine
>gb:KY575164|Organism:Influenza A virus (A/swine/Minnesota/A01672344/2017(H1N1))|Strain Name:A/swine/Minnesota/A01672344/2017|Segment:6|Subtype:H1N1|Host:Swine
>gb:MF801521|Organism:Influenza A virus (A/swine/Minnesota/A02214666/2017(H1N1))|Strain Name:A/swine/Minnesota/A02214666/2017|Segment:8|Subtype:H1N1|Host:Swine
>gb:MF801520|Organism:Influenza A virus (A/swine/Minnesota/A02214666/2017(H1N1))|Strain Name:A/swine/Minnesota/A02214666/2017|Segment:7|Subtype:H1N1|Host:Swine
>gb:MF801519|Organism:Influenza A virus (A/swine/Minnesota/A02214666/2017(H1N1))|Strain Name:A/swine/Minnesota/A02214666/2017|Segment:5|Subtype:H1N1|Host:Swine
>gb:MF150368|Organism:Influenza A virus (A/swine/Minnesota/A02214666/2017(H1N1))|Strain Name:A/swine/Minnesota/A02214666/2017|Segment:4|Subtype:H1N1|Host:Swine
>gb:MF801518|Organism:Influenza A virus (A/swine/Minnesota/A02214666/2017(H1N1))|Strain Name:A/swine/Minnesota/A02214666/2017|Segment:3|Subtype:H1N1|Host:Swine
>gb:MF150369|Organism:Influenza A virus (A/swine/Minnesota/A02214666/2017(H1N1))|Strain Name:A/swine/Minnesota/A02214666/2017|Segment:6|Subtype:H1N1|Host:Swine
>gb:MF801517|Organism:Influenza A virus (A/swine/Minnesota/A02214666/2017(H1N1))|Strain Name:A/swine/Minnesota/A02214666/2017|Segment:2|Subtype:H1N1|Host:Swine
>gb:MF801516|Organism:Influenza A virus (A/swine/Minnesota/A02214666/2017(H1N1))|Strain Name:A/swine/Minnesota/A02214666/2017|Segment:1|Subtype:H1N1|Host:Swine
>gb:MF973348|Organism:Influenza A virus (A/swine/Minnesota/A02214846/2017(H1N1))|Strain Name:A/swine/Minnesota/A02214846/2017|Segment:7|Subtype:H1N1|Host:Swine
>gb:MF973345|Organism:Influenza A virus (A/swine/Minnesota/A02214846/2017(H1N1))|Strain Name:A/swine/Minnesota/A02214846/2017|Segment:2|Subtype:H1N1|Host:Swine
>gb:MF150349|Organism:Influenza A virus (A/swine/Minnesota/A02214846/2017(H1N1))|Strain Name:A/swine/Minnesota/A02214846/2017|Segment:6|Subtype:H1N1|Host:Swine
>gb:MF973347|Organism:Influenza A virus (A/swine/Minnesota/A02214846/2017(H1N1))|Strain Name:A/swine/Minnesota/A02214846/2017|Segment:5|Subtype:H1N1|Host:Swine
>gb:MF150348|Organism:Influenza A virus (A/swine/Minnesota/A02214846/2017(H1N1))|Strain Name:A/swine/Minnesota/A02214846/2017|Segment:4|Subtype:H1N1|Host:Swine
>gb:MF973346|Organism:Influenza A virus (A/swine/Minnesota/A02214846/2017(H1N1))|Strain Name:A/swine/Minnesota/A02214846/2017|Segment:3|Subtype:H1N1|Host:Swine
>gb:MF973344|Organism:Influenza A virus (A/swine/Minnesota/A02214846/2017(H1N1))|Strain Name:A/swine/Minnesota/A02214846/2017|Segment:1|Subtype:H1N1|Host:Swine
>gb:MF973349|Organism:Influenza A virus (A/swine/Minnesota/A02214846/2017(H1N1))|Strain Name:A/swine/Minnesota/A02214846/2017|Segment:8|Subtype:H1N1|Host:Swine
>gb:MF522032|Organism:Influenza A virus (A/swine/Missouri/A01672819/2017(H1N1))|Strain Name:A/swine/Missouri/A01672819/2017|Segment:1|Subtype:H1N1|Host:Swine
>gb:MF522037|Organism:Influenza A virus (A/swine/Missouri/A01672819/2017(H1N1))|Strain Name:A/swine/Missouri/A01672819/2017|Segment:8|Subtype:H1N1|Host:Swine
>gb:MF522035|Organism:Influenza A virus (A/swine/Missouri/A01672819/2017(H1N1))|Strain Name:A/swine/Missouri/A01672819/2017|Segment:5|Subtype:H1N1|Host:Swine
>gb:MF522036|Organism:Influenza A virus (A/swine/Missouri/A01672819/2017(H1N1))|Strain Name:A/swine/Missouri/A01672819/2017|Segment:7|Subtype:H1N1|Host:Swine
>gb:KY744616|Organism:Influenza A virus (A/swine/Missouri/A01672819/2017(H1N1))|Strain Name:A/swine/Missouri/A01672819/2017|Segment:4|Subtype:H1N1|Host:Swine
>gb:KY744617|Organism:Influenza A virus (A/swine/Missouri/A01672819/2017(H1N1))|Strain Name:A/swine/Missouri/A01672819/2017|Segment:6|Subtype:H1N1|Host:Swine
>gb:MF522034|Organism:Influenza A virus (A/swine/Missouri/A01672819/2017(H1N1))|Strain Name:A/swine/Missouri/A01672819/2017|Segment:3|Subtype:H1N1|Host:Swine
>gb:MF522033|Organism:Influenza A virus (A/swine/Missouri/A01672819/2017(H1N1))|Strain Name:A/swine/Missouri/A01672819/2017|Segment:2|Subtype:H1N1|Host:Swine
>gb:MF522040|Organism:Influenza A virus (A/swine/Missouri/A01932424/2017(H1N1))|Strain Name:A/swine/Missouri/A01932424/2017|Segment:3|Subtype:H1N1|Host:Swine
>gb:MF522039|Organism:Influenza A virus (A/swine/Missouri/A01932424/2017(H1N1))|Strain Name:A/swine/Missouri/A01932424/2017|Segment:2|Subtype:H1N1|Host:Swine
>gb:KY859940|Organism:Influenza A virus (A/swine/Missouri/A01932424/2017(H1N1))|Strain Name:A/swine/Missouri/A01932424/2017|Segment:6|Subtype:H1N1|Host:Swine
>gb:MF522038|Organism:Influenza A virus (A/swine/Missouri/A01932424/2017(H1N1))|Strain Name:A/swine/Missouri/A01932424/2017|Segment:1|Subtype:H1N1|Host:Swine
>gb:MF522041|Organism:Influenza A virus (A/swine/Missouri/A01932424/2017(H1N1))|Strain Name:A/swine/Missouri/A01932424/2017|Segment:5|Subtype:H1N1|Host:Swine
>gb:MF522042|Organism:Influenza A virus (A/swine/Missouri/A01932424/2017(H1N1))|Strain Name:A/swine/Missouri/A01932424/2017|Segment:7|Subtype:H1N1|Host:Swine
>gb:MF522043|Organism:Influenza A virus (A/swine/Missouri/A01932424/2017(H1N1))|Strain Name:A/swine/Missouri/A01932424/2017|Segment:8|Subtype:H1N1|Host:Swine
>gb:KY859939|Organism:Influenza A virus (A/swine/Missouri/A01932424/2017(H1N1))|Strain Name:A/swine/Missouri/A01932424/2017|Segment:4|Subtype:H1N1|Host:Swine
>gb:MF973315|Organism:Influenza A virus (A/swine/Missouri/A02214279/2017(H1N1))|Strain Name:A/swine/Missouri/A02214279/2017|Segment:2|Subtype:H1N1|Host:Swine
>gb:MF973317|Organism:Influenza A virus (A/swine/Missouri/A02214279/2017(H1N1))|Strain Name:A/swine/Missouri/A02214279/2017|Segment:5|Subtype:H1N1|Host:Swine
>gb:MF973314|Organism:Influenza A virus (A/swine/Missouri/A02214279/2017(H1N1))|Strain Name:A/swine/Missouri/A02214279/2017|Segment:1|Subtype:H1N1|Host:Swine
>gb:MF973318|Organism:Influenza A virus (A/swine/Missouri/A02214279/2017(H1N1))|Strain Name:A/swine/Missouri/A02214279/2017|Segment:7|Subtype:H1N1|Host:Swine
>gb:MF000474|Organism:Influenza A virus (A/swine/Missouri/A02214279/2017(H1N1))|Strain Name:A/swine/Missouri/A02214279/2017|Segment:6|Subtype:H1N1|Host:Swine
>gb:MF000473|Organism:Influenza A virus (A/swine/Missouri/A02214279/2017(H1N1))|Strain Name:A/swine/Missouri/A02214279/2017|Segment:4|Subtype:H1N1|Host:Swine
>gb:MF973319|Organism:Influenza A virus (A/swine/Missouri/A02214279/2017(H1N1))|Strain Name:A/swine/Missouri/A02214279/2017|Segment:8|Subtype:H1N1|Host:Swine
>gb:MF973316|Organism:Influenza A virus (A/swine/Missouri/A02214279/2017(H1N1))|Strain Name:A/swine/Missouri/A02214279/2017|Segment:3|Subtype:H1N1|Host:Swine
>gb:MG193788|Organism:Influenza A virus (A/swine/Missouri/A02216048/2017(H1N1))|Strain Name:A/swine/Missouri/A02216048/2017|Segment:2|Subtype:H1N1|Host:Swine
>gb:MF348031|Organism:Influenza A virus (A/swine/Missouri/A02216048/2017(H1N1))|Strain Name:A/swine/Missouri/A02216048/2017|Segment:4|Subtype:H1N1|Host:Swine
>gb:MG193792|Organism:Influenza A virus (A/swine/Missouri/A02216048/2017(H1N1))|Strain Name:A/swine/Missouri/A02216048/2017|Segment:8|Subtype:H1N1|Host:Swine
>gb:MG193787|Organism:Influenza A virus (A/swine/Missouri/A02216048/2017(H1N1))|Strain Name:A/swine/Missouri/A02216048/2017|Segment:1|Subtype:H1N1|Host:Swine
>gb:MF348032|Organism:Influenza A virus (A/swine/Missouri/A02216048/2017(H1N1))|Strain Name:A/swine/Missouri/A02216048/2017|Segment:6|Subtype:H1N1|Host:Swine
>gb:MG193789|Organism:Influenza A virus (A/swine/Missouri/A02216048/2017(H1N1))|Strain Name:A/swine/Missouri/A02216048/2017|Segment:3|Subtype:H1N1|Host:Swine
>gb:MG193791|Organism:Influenza A virus (A/swine/Missouri/A02216048/2017(H1N1))|Strain Name:A/swine/Missouri/A02216048/2017|Segment:7|Subtype:H1N1|Host:Swine
>gb:MG193790|Organism:Influenza A virus (A/swine/Missouri/A02216048/2017(H1N1))|Strain Name:A/swine/Missouri/A02216048/2017|Segment:5|Subtype:H1N1|Host:Swine
>gb:MG662603|Organism:Influenza A virus (A/swine/Missouri/A02218334/2017(H1N1))|Strain Name:A/swine/Missouri/A02218334/2017|Segment:3|Subtype:H1N1|Host:Swine
>gb:MG662602|Organism:Influenza A virus (A/swine/Missouri/A02218334/2017(H1N1))|Strain Name:A/swine/Missouri/A02218334/2017|Segment:2|Subtype:H1N1|Host:Swine
>gb:MG662605|Organism:Influenza A virus (A/swine/Missouri/A02218334/2017(H1N1))|Strain Name:A/swine/Missouri/A02218334/2017|Segment:7|Subtype:H1N1|Host:Swine
>gb:MG662601|Organism:Influenza A virus (A/swine/Missouri/A02218334/2017(H1N1))|Strain Name:A/swine/Missouri/A02218334/2017|Segment:1|Subtype:H1N1|Host:Swine
>gb:MG662604|Organism:Influenza A virus (A/swine/Missouri/A02218334/2017(H1N1))|Strain Name:A/swine/Missouri/A02218334/2017|Segment:5|Subtype:H1N1|Host:Swine
>gb:MG662606|Organism:Influenza A virus (A/swine/Missouri/A02218334/2017(H1N1))|Strain Name:A/swine/Missouri/A02218334/2017|Segment:8|Subtype:H1N1|Host:Swine
>gb:MF373233|Organism:Influenza A virus (A/swine/Nebraska/A01672345/2017(H1N1))|Strain Name:A/swine/Nebraska/A01672345/2017|Segment:1|Subtype:H1N1|Host:Swine
>gb:MF425614|Organism:Influenza A virus (A/swine/Nebraska/A01672345/2017(H1N1))|Strain Name:A/swine/Nebraska/A01672345/2017|Segment:3|Subtype:H1N1|Host:Swine
>gb:KY575157|Organism:Influenza A virus (A/swine/Nebraska/A01672345/2017(H1N1))|Strain Name:A/swine/Nebraska/A01672345/2017|Segment:4|Subtype:H1N1|Host:Swine
>gb:MF373237|Organism:Influenza A virus (A/swine/Nebraska/A01672345/2017(H1N1))|Strain Name:A/swine/Nebraska/A01672345/2017|Segment:8|Subtype:H1N1|Host:Swine
>gb:MF373235|Organism:Influenza A virus (A/swine/Nebraska/A01672345/2017(H1N1))|Strain Name:A/swine/Nebraska/A01672345/2017|Segment:5|Subtype:H1N1|Host:Swine
>gb:MF373234|Organism:Influenza A virus (A/swine/Nebraska/A01672345/2017(H1N1))|Strain Name:A/swine/Nebraska/A01672345/2017|Segment:2|Subtype:H1N1|Host:Swine
>gb:KY575158|Organism:Influenza A virus (A/swine/Nebraska/A01672345/2017(H1N1))|Strain Name:A/swine/Nebraska/A01672345/2017|Segment:6|Subtype:H1N1|Host:Swine
>gb:MF373236|Organism:Influenza A virus (A/swine/Nebraska/A01672345/2017(H1N1))|Strain Name:A/swine/Nebraska/A01672345/2017|Segment:7|Subtype:H1N1|Host:Swine
>gb:MG521025|Organism:Influenza A virus (A/swine/Nebraska/A02216645/2017(H1N1))|Strain Name:A/swine/Nebraska/A02216645/2017|Segment:2|Subtype:H1N1|Host:Swine
>gb:MF582511|Organism:Influenza A virus (A/swine/Nebraska/A02216645/2017(H1N1))|Strain Name:A/swine/Nebraska/A02216645/2017|Segment:6|Subtype:H1N1|Host:Swine
>gb:MF582510|Organism:Influenza A virus (A/swine/Nebraska/A02216645/2017(H1N1))|Strain Name:A/swine/Nebraska/A02216645/2017|Segment:4|Subtype:H1N1|Host:Swine
>gb:MG521028|Organism:Influenza A virus (A/swine/Nebraska/A02216645/2017(H1N1))|Strain Name:A/swine/Nebraska/A02216645/2017|Segment:7|Subtype:H1N1|Host:Swine
>gb:MG521027|Organism:Influenza A virus (A/swine/Nebraska/A02216645/2017(H1N1))|Strain Name:A/swine/Nebraska/A02216645/2017|Segment:5|Subtype:H1N1|Host:Swine
>gb:MG521024|Organism:Influenza A virus (A/swine/Nebraska/A02216645/2017(H1N1))|Strain Name:A/swine/Nebraska/A02216645/2017|Segment:1|Subtype:H1N1|Host:Swine
>gb:MG521026|Organism:Influenza A virus (A/swine/Nebraska/A02216645/2017(H1N1))|Strain Name:A/swine/Nebraska/A02216645/2017|Segment:3|Subtype:H1N1|Host:Swine
>gb:MG521029|Organism:Influenza A virus (A/swine/Nebraska/A02216645/2017(H1N1))|Strain Name:A/swine/Nebraska/A02216645/2017|Segment:8|Subtype:H1N1|Host:Swine
>gb:MG784570|Organism:Influenza A virus (A/swine/Nebraska/A02219793/2017(H1N1))|Strain Name:A/swine/Nebraska/A02219793/2017|Segment:3|Subtype:H1N1|Host:Swine
>gb:MG784569|Organism:Influenza A virus (A/swine/Nebraska/A02219793/2017(H1N1))|Strain Name:A/swine/Nebraska/A02219793/2017|Segment:2|Subtype:H1N1|Host:Swine
>gb:MG784568|Organism:Influenza A virus (A/swine/Nebraska/A02219793/2017(H1N1))|Strain Name:A/swine/Nebraska/A02219793/2017|Segment:1|Subtype:H1N1|Host:Swine
>gb:MG784573|Organism:Influenza A virus (A/swine/Nebraska/A02219793/2017(H1N1))|Strain Name:A/swine/Nebraska/A02219793/2017|Segment:8|Subtype:H1N1|Host:Swine
>gb:MG784572|Organism:Influenza A virus (A/swine/Nebraska/A02219793/2017(H1N1))|Strain Name:A/swine/Nebraska/A02219793/2017|Segment:7|Subtype:H1N1|Host:Swine
>gb:MF996845|Organism:Influenza A virus (A/swine/Nebraska/A02219793/2017(H1N1))|Strain Name:A/swine/Nebraska/A02219793/2017|Segment:6|Subtype:H1N1|Host:Swine
>gb:MG784571|Organism:Influenza A virus (A/swine/Nebraska/A02219793/2017(H1N1))|Strain Name:A/swine/Nebraska/A02219793/2017|Segment:5|Subtype:H1N1|Host:Swine
>gb:MF996844|Organism:Influenza A virus (A/swine/Nebraska/A02219793/2017(H1N1))|Strain Name:A/swine/Nebraska/A02219793/2017|Segment:4|Subtype:H1N1|Host:Swine
>gb:MF373285|Organism:Influenza A virus (A/swine/North Carolina/A01672011/2017(H1N1))|Strain Name:A/swine/North Carolina/A01672011/2017|Segment:8|Subtype:H1N1|Host:Swine
>gb:MF373283|Organism:Influenza A virus (A/swine/North Carolina/A01672011/2017(H1N1))|Strain Name:A/swine/North Carolina/A01672011/2017|Segment:5|Subtype:H1N1|Host:Swine
>gb:MF373282|Organism:Influenza A virus (A/swine/North Carolina/A01672011/2017(H1N1))|Strain Name:A/swine/North Carolina/A01672011/2017|Segment:3|Subtype:H1N1|Host:Swine
>gb:KY522877|Organism:Influenza A virus (A/swine/North Carolina/A01672011/2017(H1N1))|Strain Name:A/swine/North Carolina/A01672011/2017|Segment:4|Subtype:H1N1|Host:Swine
>gb:MF373281|Organism:Influenza A virus (A/swine/North Carolina/A01672011/2017(H1N1))|Strain Name:A/swine/North Carolina/A01672011/2017|Segment:2|Subtype:H1N1|Host:Swine
>gb:MF373280|Organism:Influenza A virus (A/swine/North Carolina/A01672011/2017(H1N1))|Strain Name:A/swine/North Carolina/A01672011/2017|Segment:1|Subtype:H1N1|Host:Swine
>gb:MF373284|Organism:Influenza A virus (A/swine/North Carolina/A01672011/2017(H1N1))|Strain Name:A/swine/North Carolina/A01672011/2017|Segment:7|Subtype:H1N1|Host:Swine
>gb:KY522878|Organism:Influenza A virus (A/swine/North Carolina/A01672011/2017(H1N1))|Strain Name:A/swine/North Carolina/A01672011/2017|Segment:6|Subtype:H1N1|Host:Swine
>gb:MF522072|Organism:Influenza A virus (A/swine/North Carolina/A01672751/2017(H1N1))|Strain Name:A/swine/North Carolina/A01672751/2017|Segment:7|Subtype:H1N1|Host:Swine
>gb:MF522068|Organism:Influenza A virus (A/swine/North Carolina/A01672751/2017(H1N1))|Strain Name:A/swine/North Carolina/A01672751/2017|Segment:1|Subtype:H1N1|Host:Swine
>gb:MF522070|Organism:Influenza A virus (A/swine/North Carolina/A01672751/2017(H1N1))|Strain Name:A/swine/North Carolina/A01672751/2017|Segment:3|Subtype:H1N1|Host:Swine
>gb:MF522071|Organism:Influenza A virus (A/swine/North Carolina/A01672751/2017(H1N1))|Strain Name:A/swine/North Carolina/A01672751/2017|Segment:5|Subtype:H1N1|Host:Swine
>gb:KY802128|Organism:Influenza A virus (A/swine/North Carolina/A01672751/2017(H1N1))|Strain Name:A/swine/North Carolina/A01672751/2017|Segment:4|Subtype:H1N1|Host:Swine
>gb:MF522073|Organism:Influenza A virus (A/swine/North Carolina/A01672751/2017(H1N1))|Strain Name:A/swine/North Carolina/A01672751/2017|Segment:8|Subtype:H1N1|Host:Swine
>gb:KY802129|Organism:Influenza A virus (A/swine/North Carolina/A01672751/2017(H1N1))|Strain Name:A/swine/North Carolina/A01672751/2017|Segment:6|Subtype:H1N1|Host:Swine
>gb:MF522069|Organism:Influenza A virus (A/swine/North Carolina/A01672751/2017(H1N1))|Strain Name:A/swine/North Carolina/A01672751/2017|Segment:2|Subtype:H1N1|Host:Swine
>gb:MG662571|Organism:Influenza A virus (A/swine/North Carolina/A01785281/2017(H1N1))|Strain Name:A/swine/North Carolina/A01785281/2017|Segment:1|Subtype:H1N1|Host:Swine
>gb:MG662576|Organism:Influenza A virus (A/swine/North Carolina/A01785281/2017(H1N1))|Strain Name:A/swine/North Carolina/A01785281/2017|Segment:8|Subtype:H1N1|Host:Swine
>gb:MF692782|Organism:Influenza A virus (A/swine/North Carolina/A01785281/2017(H1N1))|Strain Name:A/swine/North Carolina/A01785281/2017|Segment:6|Subtype:H1N1|Host:Swine
>gb:MG662572|Organism:Influenza A virus (A/swine/North Carolina/A01785281/2017(H1N1))|Strain Name:A/swine/North Carolina/A01785281/2017|Segment:2|Subtype:H1N1|Host:Swine
>gb:MG662573|Organism:Influenza A virus (A/swine/North Carolina/A01785281/2017(H1N1))|Strain Name:A/swine/North Carolina/A01785281/2017|Segment:3|Subtype:H1N1|Host:Swine
>gb:MG662574|Organism:Influenza A virus (A/swine/North Carolina/A01785281/2017(H1N1))|Strain Name:A/swine/North Carolina/A01785281/2017|Segment:5|Subtype:H1N1|Host:Swine
>gb:MG662575|Organism:Influenza A virus (A/swine/North Carolina/A01785281/2017(H1N1))|Strain Name:A/swine/North Carolina/A01785281/2017|Segment:7|Subtype:H1N1|Host:Swine
>gb:MF692781|Organism:Influenza A virus (A/swine/North Carolina/A01785281/2017(H1N1))|Strain Name:A/swine/North Carolina/A01785281/2017|Segment:4|Subtype:H1N1|Host:Swine
>gb:MG784632|Organism:Influenza A virus (A/swine/North Carolina/A01785282/2017(H1N1))|Strain Name:A/swine/North Carolina/A01785282/2017|Segment:7|Subtype:H1N1|Host:Swine
>gb:MF692780|Organism:Influenza A virus (A/swine/North Carolina/A01785282/2017(H1N1))|Strain Name:A/swine/North Carolina/A01785282/2017|Segment:6|Subtype:H1N1|Host:Swine
>gb:MG784631|Organism:Influenza A virus (A/swine/North Carolina/A01785282/2017(H1N1))|Strain Name:A/swine/North Carolina/A01785282/2017|Segment:5|Subtype:H1N1|Host:Swine
>gb:MG784629|Organism:Influenza A virus (A/swine/North Carolina/A01785282/2017(H1N1))|Strain Name:A/swine/North Carolina/A01785282/2017|Segment:2|Subtype:H1N1|Host:Swine
>gb:MG784633|Organism:Influenza A virus (A/swine/North Carolina/A01785282/2017(H1N1))|Strain Name:A/swine/North Carolina/A01785282/2017|Segment:8|Subtype:H1N1|Host:Swine
>gb:MF692779|Organism:Influenza A virus (A/swine/North Carolina/A01785282/2017(H1N1))|Strain Name:A/swine/North Carolina/A01785282/2017|Segment:4|Subtype:H1N1|Host:Swine
>gb:MG784630|Organism:Influenza A virus (A/swine/North Carolina/A01785282/2017(H1N1))|Strain Name:A/swine/North Carolina/A01785282/2017|Segment:3|Subtype:H1N1|Host:Swine
>gb:MG784628|Organism:Influenza A virus (A/swine/North Carolina/A01785282/2017(H1N1))|Strain Name:A/swine/North Carolina/A01785282/2017|Segment:1|Subtype:H1N1|Host:Swine
>gb:MF973374|Organism:Influenza A virus (A/swine/North Carolina/A02214775/2017(H1N1))|Strain Name:A/swine/North Carolina/A02214775/2017|Segment:1|Subtype:H1N1|Host:Swine
>gb:MF150371|Organism:Influenza A virus (A/swine/North Carolina/A02214775/2017(H1N1))|Strain Name:A/swine/North Carolina/A02214775/2017|Segment:6|Subtype:H1N1|Host:Swine
>gb:MF973377|Organism:Influenza A virus (A/swine/North Carolina/A02214775/2017(H1N1))|Strain Name:A/swine/North Carolina/A02214775/2017|Segment:5|Subtype:H1N1|Host:Swine
>gb:MF973376|Organism:Influenza A virus (A/swine/North Carolina/A02214775/2017(H1N1))|Strain Name:A/swine/North Carolina/A02214775/2017|Segment:3|Subtype:H1N1|Host:Swine
>gb:MF150370|Organism:Influenza A virus (A/swine/North Carolina/A02214775/2017(H1N1))|Strain Name:A/swine/North Carolina/A02214775/2017|Segment:4|Subtype:H1N1|Host:Swine
>gb:MF973379|Organism:Influenza A virus (A/swine/North Carolina/A02214775/2017(H1N1))|Strain Name:A/swine/North Carolina/A02214775/2017|Segment:8|Subtype:H1N1|Host:Swine
>gb:MF973375|Organism:Influenza A virus (A/swine/North Carolina/A02214775/2017(H1N1))|Strain Name:A/swine/North Carolina/A02214775/2017|Segment:2|Subtype:H1N1|Host:Swine
>gb:MF973378|Organism:Influenza A virus (A/swine/North Carolina/A02214775/2017(H1N1))|Strain Name:A/swine/North Carolina/A02214775/2017|Segment:7|Subtype:H1N1|Host:Swine
>gb:MF716915|Organism:Influenza A virus (A/swine/Ohio/17TOSU1384/2017(H1N1))|Strain Name:A/swine/Ohio/17TOSU1384/2017|Segment:1|Subtype:H1N1|Host:Swine
>gb:MF716923|Organism:Influenza A virus (A/swine/Ohio/17TOSU1384/2017(H1N1))|Strain Name:A/swine/Ohio/17TOSU1384/2017|Segment:2|Subtype:H1N1|Host:Swine
>gb:MF716939|Organism:Influenza A virus (A/swine/Ohio/17TOSU1384/2017(H1N1))|Strain Name:A/swine/Ohio/17TOSU1384/2017|Segment:7|Subtype:H1N1|Host:Swine
>gb:MF716925|Organism:Influenza A virus (A/swine/Ohio/17TOSU1384/2017(H1N1))|Strain Name:A/swine/Ohio/17TOSU1384/2017|Segment:6|Subtype:H1N1|Host:Swine
>gb:MF716945|Organism:Influenza A virus (A/swine/Ohio/17TOSU1384/2017(H1N1))|Strain Name:A/swine/Ohio/17TOSU1384/2017|Segment:4|Subtype:H1N1|Host:Swine
>gb:MF716911|Organism:Influenza A virus (A/swine/Ohio/17TOSU1384/2017(H1N1))|Strain Name:A/swine/Ohio/17TOSU1384/2017|Segment:3|Subtype:H1N1|Host:Swine
>gb:MF716927|Organism:Influenza A virus (A/swine/Ohio/17TOSU1384/2017(H1N1))|Strain Name:A/swine/Ohio/17TOSU1384/2017|Segment:8|Subtype:H1N1|Host:Swine
>gb:MF716917|Organism:Influenza A virus (A/swine/Ohio/17TOSU1384/2017(H1N1))|Strain Name:A/swine/Ohio/17TOSU1384/2017|Segment:5|Subtype:H1N1|Host:Swine
>gb:MF716904|Organism:Influenza A virus (A/swine/Ohio/17TOSU1386/2017(H1N1))|Strain Name:A/swine/Ohio/17TOSU1386/2017|Segment:8|Subtype:H1N1|Host:Swine
>gb:MF716909|Organism:Influenza A virus (A/swine/Ohio/17TOSU1386/2017(H1N1))|Strain Name:A/swine/Ohio/17TOSU1386/2017|Segment:7|Subtype:H1N1|Host:Swine
>gb:MF716914|Organism:Influenza A virus (A/swine/Ohio/17TOSU1386/2017(H1N1))|Strain Name:A/swine/Ohio/17TOSU1386/2017|Segment:2|Subtype:H1N1|Host:Swine
>gb:MF716946|Organism:Influenza A virus (A/swine/Ohio/17TOSU1386/2017(H1N1))|Strain Name:A/swine/Ohio/17TOSU1386/2017|Segment:5|Subtype:H1N1|Host:Swine
>gb:MF716937|Organism:Influenza A virus (A/swine/Ohio/17TOSU1386/2017(H1N1))|Strain Name:A/swine/Ohio/17TOSU1386/2017|Segment:4|Subtype:H1N1|Host:Swine
>gb:MF716933|Organism:Influenza A virus (A/swine/Ohio/17TOSU1386/2017(H1N1))|Strain Name:A/swine/Ohio/17TOSU1386/2017|Segment:3|Subtype:H1N1|Host:Swine
>gb:MF716913|Organism:Influenza A virus (A/swine/Ohio/17TOSU1386/2017(H1N1))|Strain Name:A/swine/Ohio/17TOSU1386/2017|Segment:6|Subtype:H1N1|Host:Swine
>gb:MF716920|Organism:Influenza A virus (A/swine/Ohio/17TOSU1386/2017(H1N1))|Strain Name:A/swine/Ohio/17TOSU1386/2017|Segment:1|Subtype:H1N1|Host:Swine
>gb:MF801451|Organism:Influenza A virus (A/swine/Ohio/A01354304/2017(H1N1))|Strain Name:A/swine/Ohio/A01354304/2017|Segment:8|Subtype:H1N1|Host:Swine
>gb:MF801445|Organism:Influenza A virus (A/swine/Ohio/A01354304/2017(H1N1))|Strain Name:A/swine/Ohio/A01354304/2017|Segment:2|Subtype:H1N1|Host:Swine
>gb:MF801446|Organism:Influenza A virus (A/swine/Ohio/A01354304/2017(H1N1))|Strain Name:A/swine/Ohio/A01354304/2017|Segment:3|Subtype:H1N1|Host:Swine
>gb:MF801444|Organism:Influenza A virus (A/swine/Ohio/A01354304/2017(H1N1))|Strain Name:A/swine/Ohio/A01354304/2017|Segment:1|Subtype:H1N1|Host:Swine
>gb:MF801450|Organism:Influenza A virus (A/swine/Ohio/A01354304/2017(H1N1))|Strain Name:A/swine/Ohio/A01354304/2017|Segment:7|Subtype:H1N1|Host:Swine
>gb:MF801447|Organism:Influenza A virus (A/swine/Ohio/A01354304/2017(H1N1))|Strain Name:A/swine/Ohio/A01354304/2017|Segment:4|Subtype:H1N1|Host:Swine
>gb:MF801448|Organism:Influenza A virus (A/swine/Ohio/A01354304/2017(H1N1))|Strain Name:A/swine/Ohio/A01354304/2017|Segment:5|Subtype:H1N1|Host:Swine
>gb:MF801449|Organism:Influenza A virus (A/swine/Ohio/A01354304/2017(H1N1))|Strain Name:A/swine/Ohio/A01354304/2017|Segment:6|Subtype:H1N1|Host:Swine
>gb:MF801540|Organism:Influenza A virus (A/swine/Ohio/A01354305/2017(H1N1))|Strain Name:A/swine/Ohio/A01354305/2017|Segment:7|Subtype:H1N1|Host:Swine
>gb:MF801535|Organism:Influenza A virus (A/swine/Ohio/A01354305/2017(H1N1))|Strain Name:A/swine/Ohio/A01354305/2017|Segment:2|Subtype:H1N1|Host:Swine
>gb:MF801538|Organism:Influenza A virus (A/swine/Ohio/A01354305/2017(H1N1))|Strain Name:A/swine/Ohio/A01354305/2017|Segment:5|Subtype:H1N1|Host:Swine
>gb:MF801539|Organism:Influenza A virus (A/swine/Ohio/A01354305/2017(H1N1))|Strain Name:A/swine/Ohio/A01354305/2017|Segment:6|Subtype:H1N1|Host:Swine
>gb:MF801537|Organism:Influenza A virus (A/swine/Ohio/A01354305/2017(H1N1))|Strain Name:A/swine/Ohio/A01354305/2017|Segment:4|Subtype:H1N1|Host:Swine
>gb:MF801541|Organism:Influenza A virus (A/swine/Ohio/A01354305/2017(H1N1))|Strain Name:A/swine/Ohio/A01354305/2017|Segment:8|Subtype:H1N1|Host:Swine
>gb:MF801534|Organism:Influenza A virus (A/swine/Ohio/A01354305/2017(H1N1))|Strain Name:A/swine/Ohio/A01354305/2017|Segment:1|Subtype:H1N1|Host:Swine
>gb:MF801536|Organism:Influenza A virus (A/swine/Ohio/A01354305/2017(H1N1))|Strain Name:A/swine/Ohio/A01354305/2017|Segment:3|Subtype:H1N1|Host:Swine
>gb:MF801532|Organism:Influenza A virus (A/swine/Ohio/A02214229/2017(H1N1))|Strain Name:A/swine/Ohio/A02214229/2017|Segment:7|Subtype:H1N1|Host:Swine
>gb:MF801533|Organism:Influenza A virus (A/swine/Ohio/A02214229/2017(H1N1))|Strain Name:A/swine/Ohio/A02214229/2017|Segment:8|Subtype:H1N1|Host:Swine
>gb:MF801528|Organism:Influenza A virus (A/swine/Ohio/A02214229/2017(H1N1))|Strain Name:A/swine/Ohio/A02214229/2017|Segment:1|Subtype:H1N1|Host:Swine
>gb:MF801529|Organism:Influenza A virus (A/swine/Ohio/A02214229/2017(H1N1))|Strain Name:A/swine/Ohio/A02214229/2017|Segment:2|Subtype:H1N1|Host:Swine
>gb:MF801530|Organism:Influenza A virus (A/swine/Ohio/A02214229/2017(H1N1))|Strain Name:A/swine/Ohio/A02214229/2017|Segment:3|Subtype:H1N1|Host:Swine
>gb:KY995613|Organism:Influenza A virus (A/swine/Ohio/A02214229/2017(H1N1))|Strain Name:A/swine/Ohio/A02214229/2017|Segment:4|Subtype:H1N1|Host:Swine
>gb:MF801531|Organism:Influenza A virus (A/swine/Ohio/A02214229/2017(H1N1))|Strain Name:A/swine/Ohio/A02214229/2017|Segment:5|Subtype:H1N1|Host:Swine
>gb:KY995614|Organism:Influenza A virus (A/swine/Ohio/A02214229/2017(H1N1))|Strain Name:A/swine/Ohio/A02214229/2017|Segment:6|Subtype:H1N1|Host:Swine
>gb:MF150386|Organism:Influenza A virus (A/swine/Ohio/A02214848/2017(H1N1))|Strain Name:A/swine/Ohio/A02214848/2017|Segment:4|Subtype:H1N1|Host:Swine
>gb:MF973394|Organism:Influenza A virus (A/swine/Ohio/A02214848/2017(H1N1))|Strain Name:A/swine/Ohio/A02214848/2017|Segment:3|Subtype:H1N1|Host:Swine
>gb:MF973393|Organism:Influenza A virus (A/swine/Ohio/A02214848/2017(H1N1))|Strain Name:A/swine/Ohio/A02214848/2017|Segment:2|Subtype:H1N1|Host:Swine
>gb:MF973392|Organism:Influenza A virus (A/swine/Ohio/A02214848/2017(H1N1))|Strain Name:A/swine/Ohio/A02214848/2017|Segment:1|Subtype:H1N1|Host:Swine
>gb:MF973395|Organism:Influenza A virus (A/swine/Ohio/A02214848/2017(H1N1))|Strain Name:A/swine/Ohio/A02214848/2017|Segment:5|Subtype:H1N1|Host:Swine
>gb:MF973397|Organism:Influenza A virus (A/swine/Ohio/A02214848/2017(H1N1))|Strain Name:A/swine/Ohio/A02214848/2017|Segment:8|Subtype:H1N1|Host:Swine
>gb:MF150387|Organism:Influenza A virus (A/swine/Ohio/A02214848/2017(H1N1))|Strain Name:A/swine/Ohio/A02214848/2017|Segment:6|Subtype:H1N1|Host:Swine
>gb:MF973396|Organism:Influenza A virus (A/swine/Ohio/A02214848/2017(H1N1))|Strain Name:A/swine/Ohio/A02214848/2017|Segment:7|Subtype:H1N1|Host:Swine
>gb:MG193873|Organism:Influenza A virus (A/swine/Ohio/A02215367/2017(H1N1))|Strain Name:A/swine/Ohio/A02215367/2017|Segment:7|Subtype:H1N1|Host:Swine
>gb:MF289433|Organism:Influenza A virus (A/swine/Ohio/A02215367/2017(H1N1))|Strain Name:A/swine/Ohio/A02215367/2017|Segment:6|Subtype:H1N1|Host:Swine
>gb:MG193871|Organism:Influenza A virus (A/swine/Ohio/A02215367/2017(H1N1))|Strain Name:A/swine/Ohio/A02215367/2017|Segment:3|Subtype:H1N1|Host:Swine
>gb:MG193870|Organism:Influenza A virus (A/swine/Ohio/A02215367/2017(H1N1))|Strain Name:A/swine/Ohio/A02215367/2017|Segment:2|Subtype:H1N1|Host:Swine
>gb:MG193869|Organism:Influenza A virus (A/swine/Ohio/A02215367/2017(H1N1))|Strain Name:A/swine/Ohio/A02215367/2017|Segment:1|Subtype:H1N1|Host:Swine
>gb:MF289432|Organism:Influenza A virus (A/swine/Ohio/A02215367/2017(H1N1))|Strain Name:A/swine/Ohio/A02215367/2017|Segment:4|Subtype:H1N1|Host:Swine
>gb:MG193874|Organism:Influenza A virus (A/swine/Ohio/A02215367/2017(H1N1))|Strain Name:A/swine/Ohio/A02215367/2017|Segment:8|Subtype:H1N1|Host:Swine
>gb:MG193872|Organism:Influenza A virus (A/swine/Ohio/A02215367/2017(H1N1))|Strain Name:A/swine/Ohio/A02215367/2017|Segment:5|Subtype:H1N1|Host:Swine
>gb:MG521043|Organism:Influenza A virus (A/swine/Ohio/A02216472/2017(H1N1))|Strain Name:A/swine/Ohio/A02216472/2017|Segment:2|Subtype:H1N1|Host:Swine
>gb:MF455480|Organism:Influenza A virus (A/swine/Ohio/A02216472/2017(H1N1))|Strain Name:A/swine/Ohio/A02216472/2017|Segment:6|Subtype:H1N1|Host:Swine
>gb:MG521042|Organism:Influenza A virus (A/swine/Ohio/A02216472/2017(H1N1))|Strain Name:A/swine/Ohio/A02216472/2017|Segment:1|Subtype:H1N1|Host:Swine
>gb:MG521044|Organism:Influenza A virus (A/swine/Ohio/A02216472/2017(H1N1))|Strain Name:A/swine/Ohio/A02216472/2017|Segment:3|Subtype:H1N1|Host:Swine
>gb:MG521047|Organism:Influenza A virus (A/swine/Ohio/A02216472/2017(H1N1))|Strain Name:A/swine/Ohio/A02216472/2017|Segment:8|Subtype:H1N1|Host:Swine
>gb:MG521046|Organism:Influenza A virus (A/swine/Ohio/A02216472/2017(H1N1))|Strain Name:A/swine/Ohio/A02216472/2017|Segment:7|Subtype:H1N1|Host:Swine
>gb:MG521045|Organism:Influenza A virus (A/swine/Ohio/A02216472/2017(H1N1))|Strain Name:A/swine/Ohio/A02216472/2017|Segment:5|Subtype:H1N1|Host:Swine
>gb:MF455479|Organism:Influenza A virus (A/swine/Ohio/A02216472/2017(H1N1))|Strain Name:A/swine/Ohio/A02216472/2017|Segment:4|Subtype:H1N1|Host:Swine
>gb:MG784620|Organism:Influenza A virus (A/swine/Ohio/A02219547/2017(H1N1))|Strain Name:A/swine/Ohio/A02219547/2017|Segment:7|Subtype:H1N1|Host:Swine
>gb:MG784619|Organism:Influenza A virus (A/swine/Ohio/A02219547/2017(H1N1))|Strain Name:A/swine/Ohio/A02219547/2017|Segment:5|Subtype:H1N1|Host:Swine
>gb:MF920401|Organism:Influenza A virus (A/swine/Ohio/A02219547/2017(H1N1))|Strain Name:A/swine/Ohio/A02219547/2017|Segment:6|Subtype:H1N1|Host:Swine
>gb:MG784621|Organism:Influenza A virus (A/swine/Ohio/A02219547/2017(H1N1))|Strain Name:A/swine/Ohio/A02219547/2017|Segment:8|Subtype:H1N1|Host:Swine
>gb:MF920400|Organism:Influenza A virus (A/swine/Ohio/A02219547/2017(H1N1))|Strain Name:A/swine/Ohio/A02219547/2017|Segment:4|Subtype:H1N1|Host:Swine
>gb:MG784616|Organism:Influenza A virus (A/swine/Ohio/A02219547/2017(H1N1))|Strain Name:A/swine/Ohio/A02219547/2017|Segment:1|Subtype:H1N1|Host:Swine
>gb:MG784618|Organism:Influenza A virus (A/swine/Ohio/A02219547/2017(H1N1))|Strain Name:A/swine/Ohio/A02219547/2017|Segment:3|Subtype:H1N1|Host:Swine
>gb:MG784617|Organism:Influenza A virus (A/swine/Ohio/A02219547/2017(H1N1))|Strain Name:A/swine/Ohio/A02219547/2017|Segment:2|Subtype:H1N1|Host:Swine
>gb:KY653728|Organism:Influenza A virus (A/swine/Oklahoma/A01672680/2017(H1N1))|Strain Name:A/swine/Oklahoma/A01672680/2017|Segment:4|Subtype:H1N1|Host:Swine
>gb:MF664403|Organism:Influenza A virus (A/swine/Oklahoma/A01672680/2017(H1N1))|Strain Name:A/swine/Oklahoma/A01672680/2017|Segment:3|Subtype:H1N1|Host:Swine
>gb:MF664402|Organism:Influenza A virus (A/swine/Oklahoma/A01672680/2017(H1N1))|Strain Name:A/swine/Oklahoma/A01672680/2017|Segment:2|Subtype:H1N1|Host:Swine
>gb:MF664401|Organism:Influenza A virus (A/swine/Oklahoma/A01672680/2017(H1N1))|Strain Name:A/swine/Oklahoma/A01672680/2017|Segment:1|Subtype:H1N1|Host:Swine
>gb:MF664406|Organism:Influenza A virus (A/swine/Oklahoma/A01672680/2017(H1N1))|Strain Name:A/swine/Oklahoma/A01672680/2017|Segment:8|Subtype:H1N1|Host:Swine
>gb:MF664405|Organism:Influenza A virus (A/swine/Oklahoma/A01672680/2017(H1N1))|Strain Name:A/swine/Oklahoma/A01672680/2017|Segment:7|Subtype:H1N1|Host:Swine
>gb:KY653729|Organism:Influenza A virus (A/swine/Oklahoma/A01672680/2017(H1N1))|Strain Name:A/swine/Oklahoma/A01672680/2017|Segment:6|Subtype:H1N1|Host:Swine
>gb:MF664404|Organism:Influenza A virus (A/swine/Oklahoma/A01672680/2017(H1N1))|Strain Name:A/swine/Oklahoma/A01672680/2017|Segment:5|Subtype:H1N1|Host:Swine
>gb:MF973285|Organism:Influenza A virus (A/swine/Oklahoma/A02214419/2017(H1N1))|Strain Name:A/swine/Oklahoma/A02214419/2017|Segment:2|Subtype:H1N1|Host:Swine
>gb:MF973287|Organism:Influenza A virus (A/swine/Oklahoma/A02214419/2017(H1N1))|Strain Name:A/swine/Oklahoma/A02214419/2017|Segment:5|Subtype:H1N1|Host:Swine
>gb:MF973284|Organism:Influenza A virus (A/swine/Oklahoma/A02214419/2017(H1N1))|Strain Name:A/swine/Oklahoma/A02214419/2017|Segment:1|Subtype:H1N1|Host:Swine
>gb:MF000466|Organism:Influenza A virus (A/swine/Oklahoma/A02214419/2017(H1N1))|Strain Name:A/swine/Oklahoma/A02214419/2017|Segment:6|Subtype:H1N1|Host:Swine
>gb:MF973289|Organism:Influenza A virus (A/swine/Oklahoma/A02214419/2017(H1N1))|Strain Name:A/swine/Oklahoma/A02214419/2017|Segment:8|Subtype:H1N1|Host:Swine
>gb:MF973288|Organism:Influenza A virus (A/swine/Oklahoma/A02214419/2017(H1N1))|Strain Name:A/swine/Oklahoma/A02214419/2017|Segment:7|Subtype:H1N1|Host:Swine
>gb:MF973286|Organism:Influenza A virus (A/swine/Oklahoma/A02214419/2017(H1N1))|Strain Name:A/swine/Oklahoma/A02214419/2017|Segment:3|Subtype:H1N1|Host:Swine
>gb:MF000465|Organism:Influenza A virus (A/swine/Oklahoma/A02214419/2017(H1N1))|Strain Name:A/swine/Oklahoma/A02214419/2017|Segment:4|Subtype:H1N1|Host:Swine
>gb:MF973368|Organism:Influenza A virus (A/swine/Texas/A02214607/2017(H1N1))|Strain Name:A/swine/Texas/A02214607/2017|Segment:1|Subtype:H1N1|Host:Swine
>gb:MF973369|Organism:Influenza A virus (A/swine/Texas/A02214607/2017(H1N1))|Strain Name:A/swine/Texas/A02214607/2017|Segment:2|Subtype:H1N1|Host:Swine
>gb:MF973370|Organism:Influenza A virus (A/swine/Texas/A02214607/2017(H1N1))|Strain Name:A/swine/Texas/A02214607/2017|Segment:3|Subtype:H1N1|Host:Swine
>gb:MF973373|Organism:Influenza A virus (A/swine/Texas/A02214607/2017(H1N1))|Strain Name:A/swine/Texas/A02214607/2017|Segment:8|Subtype:H1N1|Host:Swine
>gb:MF973371|Organism:Influenza A virus (A/swine/Texas/A02214607/2017(H1N1))|Strain Name:A/swine/Texas/A02214607/2017|Segment:5|Subtype:H1N1|Host:Swine
>gb:MF092752|Organism:Influenza A virus (A/swine/Texas/A02214607/2017(H1N1))|Strain Name:A/swine/Texas/A02214607/2017|Segment:6|Subtype:H1N1|Host:Swine
>gb:MF973372|Organism:Influenza A virus (A/swine/Texas/A02214607/2017(H1N1))|Strain Name:A/swine/Texas/A02214607/2017|Segment:7|Subtype:H1N1|Host:Swine
>gb:MF092751|Organism:Influenza A virus (A/swine/Texas/A02214607/2017(H1N1))|Strain Name:A/swine/Texas/A02214607/2017|Segment:4|Subtype:H1N1|Host:Swine
>gb:MF765792|Organism:Influenza A virus (A/swine/Missouri/A02218334/2017(H1N1))|Strain Name:A/swine/Missouri/A02218334/2017|Segment:6|Subtype:H1N1|Host:Swine
>gb:MF765791|Organism:Influenza A virus (A/swine/Missouri/A02218334/2017(H1N1))|Strain Name:A/swine/Missouri/A02218334/2017|Segment:4|Subtype:H1N1|Host:Swine
>gb:MG521114|Organism:Influenza A virus (A/swine/Wisconsin/A01104100/2017(H1N1))|Strain Name:A/swine/Wisconsin/A01104100/2017|Segment:1|Subtype:H1N1|Host:Swine
>gb:MG521115|Organism:Influenza A virus (A/swine/Wisconsin/A01104100/2017(H1N1))|Strain Name:A/swine/Wisconsin/A01104100/2017|Segment:2|Subtype:H1N1|Host:Swine
>gb:MG521116|Organism:Influenza A virus (A/swine/Wisconsin/A01104100/2017(H1N1))|Strain Name:A/swine/Wisconsin/A01104100/2017|Segment:3|Subtype:H1N1|Host:Swine
>gb:MG521121|Organism:Influenza A virus (A/swine/Wisconsin/A01104100/2017(H1N1))|Strain Name:A/swine/Wisconsin/A01104100/2017|Segment:8|Subtype:H1N1|Host:Swine
>gb:MG521118|Organism:Influenza A virus (A/swine/Wisconsin/A01104100/2017(H1N1))|Strain Name:A/swine/Wisconsin/A01104100/2017|Segment:5|Subtype:H1N1|Host:Swine
>gb:MG521119|Organism:Influenza A virus (A/swine/Wisconsin/A01104100/2017(H1N1))|Strain Name:A/swine/Wisconsin/A01104100/2017|Segment:6|Subtype:H1N1|Host:Swine
>gb:MG521120|Organism:Influenza A virus (A/swine/Wisconsin/A01104100/2017(H1N1))|Strain Name:A/swine/Wisconsin/A01104100/2017|Segment:7|Subtype:H1N1|Host:Swine
>gb:MG521117|Organism:Influenza A virus (A/swine/Wisconsin/A01104100/2017(H1N1))|Strain Name:A/swine/Wisconsin/A01104100/2017|Segment:4|Subtype:H1N1|Host:Swine
